essay_id	score	intention	feedback
0	0.85	Educate/Teach	"['  \n   CONTENT IMPROVEMENTS:  \n      1. Add post-2015 studies about evolutionary persistence of unihemispheric sleep (Author response: Will prioritize adding one recent study while maintaining focus)  \n      2. Enhance comparative context with human/seal contrasts (Author response: Added targeted 1-sentence comparisons in respiration paragraph)  \n      3. Expand thalamocortical explanation with submarine metaphor (Author response: Implemented as ""evolutionary manual override"" analogy)  \n\n   LANGUAGE IMPROVEMENTS:  \n      1. Convert 3 key passive constructions to active voice (Author response: Changed ""are assumed"" to ""Manger et al. assume"" etc.)  \n      2. Replace redundant phrases like ""for a long period of time"" with ""extended durations"" (Author response: Implemented with 0.2% word reduction)  \n      3. Upgrade general terms to precise vocabulary e.g. ""biologically essential"" (Author response: Adopted ""biological/mechanical threats"" distinction)  \n\n   STRUCTURE IMPROVEMENTS:  \n      1. Add forecasting thesis statement about aquatic paradox (Author response: Revised intro with thalamocortical foreshadowing)  \n      2. Separate echolocation into dedicated paragraph (Author response: Created new paragraph with topic sentence linkage)  \n      3. Add 3-sentence conclusion summarizing key findings (Author response: Structured as Summary-Key Finding-Significance model)  \n------******  \n\n']"
1	0.75	Analyze/Critique	"['  \n   CONTENT IMPROVEMENTS:  \n      1. Add carrier-reported usage metrics (e.g., ""AT&T reports average travelers use 30MB daily"") to contextualize costs - Author responded by adding this precisely while avoiding speculative behavioral analysis.  \n      2. Name specific local messaging apps in Japan (Line/Rakuten) to strengthen WhatsApp comparison - Author enhanced with Pang & Woo citation while maintaining focus.  \n      3. Clarify geographic selection rationale upfront (""Japan-Asia, Mexico-North America, South Africa-Africa"") - Author embedded this concisely in the introduction.  \n\n   LANGUAGE IMPROVEMENTS:  \n      1. Replace uncommon phrases like ""thrice less costly"" with standard business terms (""three times cheaper"") - Author adopted this while preserving technical tone.  \n      2. Reduce redundancy in WhatsApp discussion (""sole messaging platform"") - Author condensed elegantly without losing meaning.  \n      3. Standardize to AT&T\'s ""International Day Pass"" terminology - Author verified and implemented across all instances.  \n\n   STRUCTURE IMPROVEMENTS:  \n      1. Move Table 1 after introductory context with explanatory lead-in - Author repositioned with: ""Table 1 compares AT&T\'s international service architecture...""  \n      2. Add subheadings in Alternatives (""Network-Provided Alternatives""/""Third-Party Applications"") - Author implemented with carrier-aligned terminology.  \n      3. Restructure conclusion into three distinct thought units (differentials → options → synthesis) - Author adopted this scientific-paper style flow.  \n------******  \n\n']"
2	0.85	Educate/Teach	"['  \n   CONTENT IMPROVEMENTS:  \n      1. Add comparative analysis between tools (Author\'s response: Will implement visual icon system 🎯📊🚀 for implicit comparison while preserving standalone tool education)  \n      2. Strengthen client-centric examples (Author\'s response: Adding concrete scenarios like Playposit lead segmentation and Google Forms preference surveys)  \n      3. Enhance closing with competitiveness framework (Author\'s response: Will explicitly link tools to ""three pillars of modern consulting"")  \n\n   LANGUAGE IMPROVEMENTS:  \n      1. Reduce redundant phrasing (Author\'s response: Implemented 30-50% cuts, e.g., ""Maximize tools..."" vs. ""It is important to realize..."")  \n      2. Convert passive to active voice (Author\'s response: Revised 12 instances, e.g., ""Customize videos..."" vs. ""Videos can be customized..."")  \n      3. Clarify jargon with parentheticals (Author\'s response: Added explanations like ""response validation (auto-checks for errors)"")  \n\n   STRUCTURE IMPROVEMENTS:  \n      1. Add functional tags to tool sections (Author\'s response: Implementing headers like ""### Playposit 🎯 [Engagement Tool]"")  \n      2. Standardize benefit lead-ins (Author\'s response: Using ""What It Offers""/""Why It Matters"" consistently)  \n      3. Mirror conclusion to introduction (Author\'s response: Reformatted closing bullets with CTA: ""Pilot one tool within 30 days"")  \n------******  \n\n']"
3	0.85	Explain/Clarify	"['  \n   CONTENT IMPROVEMENTS:\n      1. Add more specific statistics about cost savings compared to incarceration (Author response: Will incorporate Pew data showing 31% lower recidivism and $36k annual incarceration costs)\n      2. Expand discussion of technical limitations beyond just supervisor workload (Author response: Will add ACLU data about 12% false alert rates and emergency override protocols)\n      3. Strengthen the personal perspective with counterargument rebuttals (Author response: Will address ""digital prisons"" critique by comparing to physical incarceration\'s restrictions)\n\n   LANGUAGE IMPROVEMENTS:\n      1. Replace passive constructions with active voice for stronger arguments (Author response: Will change ""The sanction is used"" to ""Courts apply this sanction"")\n      2. Use more precise disciplinary terminology (Author response: Will change ""drunk drivers"" to ""DUI offenders"" and ""bad weather"" to ""inclement conditions"")\n      3. Tighten wordy phrases like ""make sure that"" to ""ensure"" (Author response: Accepted all suggested conciseness improvements)\n\n   STRUCTURE IMPROVEMENTS:\n      1. Add forecasting statement to guide readers (Author response: Will introduce evaluative criteria early)\n      2. Improve transitions between benefits/drawbacks (Author response: Will add parallel structure transitions)\n      3. Standardize APA reference formatting (Author response: Will correct punctuation and italics)\n------******\n\n']"
4	0.75	Analyze/Critique	"['  \n   CONTENT IMPROVEMENTS:\n      1. The author agrees to expand on cultural/gender expectations with specific examples (e.g., motherhood stigma) to strengthen the sociocultural critique. Author response: ""I\'ll add a sentence linking stigma to patriarchal norms policing women\'s autonomy.""\n      2. The author will briefly acknowledge gaps in research on non-binary individuals while maintaining focus on binary gender analysis. Author response: Added as footnote: ""While this paper focuses on sex-based disparities, the author recognizes intersecting barriers faced by non-binary individuals.""\n      3. The author agrees to clarify physiological claims with more specific data (e.g., liver susceptibility statistics). Author response: Added citation: ""Women metabolize alcohol 50% slower than men (NIAAA, 2021).""\n\n   LANGUAGE IMPROVEMENTS:\n      1. The author revised ambiguous phrasing like ""Being a male or female cannot make a distinction"" to ""While addiction affects all genders, women face systemic barriers rooted in biology and stigma."" Author response: ""Removes ambiguity while keeping scope.""\n      2. The author standardized terminology, using ""women"" for sociocultural analysis and ""females"" only in biological contexts. Author response: Implemented strict lexical protocol with exceptions documented.\n      3. The author converted passive constructions to active voice where appropriate (e.g., ""Society stigmatizes women"" vs ""Women are stigmatized""). Author response: ""Even systemic critiques gain punch via active voice.""\n\n   STRUCTURE IMPROVEMENTS:\n      1. The author reframed the introduction to clearly present thesis and roadmap. Author response: New opening: ""Women face disproportionate barriers in addiction treatment due to biological vulnerabilities and patriarchal stigma.""\n      2. The author strengthened transitions between sections (e.g., ""This societal judgment exacerbates another crisis: trauma""). Author response: Added explicit bridges between stigma, trauma and treatment.\n      3. The author implemented bolded lead sentences instead of subheadings (e.g., ""The Stigma-Trauma Cycle in Women\'s Addiction"") to guide readers. Author response: ""Bolded leads provide clear signposts without disrupting narrative flow.""\n------******\n\n']"
5	0.75	Educate/Teach	"['  \n   CONTENT IMPROVEMENTS:  \n      1. Add critical comparisons between theories (e.g., Functionalism vs. Conflict Theory) with modern examples like wage gaps or policing disparities. Author agrees but seeks balance to avoid overwhelming beginners.  \n      2. Include more recent case studies (e.g., BLM, Rohingya crisis) alongside classic examples. Author will add QR codes to OECD datasets for interactive exploration.  \n      3. Develop a ""Critical Perspectives"" subsection with Socratic questions to deepen analysis without compromising neutrality. Author plans to use structured tables for clarity.  \n\n   LANGUAGE IMPROVEMENTS:  \n      1. Split lengthy sentences (e.g., discrimination definition) and reduce redundancy. Author has revised to: ""Discrimination occurs when groups treat others unequally based on...""  \n      2. Retain technical terms like ""ideological racism"" but add glossary callouts. Author implemented hover tooltips and marginal definitions.  \n      3. Use active voice consistently (e.g., ""Sociologists define"" vs. ""According to sociologists""). Author has edited 85% of passive constructions.  \n\n   STRUCTURE IMPROVEMENTS:  \n      1. Add signposting (bolded lead-ins like **""Conflict Theory Lens:""**) instead of subheadings. Author prefers this to avoid fragmentation.  \n      2. Replace abrupt transitions with comparative questions (e.g., ""How does Pluralism challenge Assimilation?""). Author will embed these organically.  \n      3. Convert the missing conclusion into an interactive ""Theory Selection"" challenge. Author proposes a scaffolded exercise with real-world cases.  \n------******  \n\n']"
6	0.85	Persuade/Influence	"['  \n   CONTENT IMPROVEMENTS:\n      1. Develop the price-leverage mechanism more concretely with sector-specific examples (e.g., agriculture/tech). Author response: Added agricultural sector example with StatCan data but resisted over-practicality to maintain theoretical focus.\n      2. Incorporate more recent data (post-2014) to strengthen relevance. Author response: Supplemented with 2022 StatCan report while retaining foundational 2014 data.\n      3. Address counterarguments to the H-O model more thoroughly. Author response: Added footnote acknowledging Rodriguez-Clare\'s critique while defending model choice.\n\n   LANGUAGE IMPROVEMENTS:\n      1. Standardize terminology (e.g., ""H-O model"" after first use). Author response: Implemented APA abbreviation rules throughout.\n      2. Reduce wordiness in problem statement/literature review. Author response: Trimmed subordinate clauses and passive constructions.\n      3. Resolve ambiguous phrases like ""phenomenon must be banned."" Author response: Revised to ""practice warrants restriction"" for precision.\n\n   STRUCTURE IMPROVEMENTS:\n      1. Move hypothesis preview to introduction. Author response: Added preview sentence while preserving gradual argument development.\n      2. Consolidate redundant H-O model explanations. Author response: Streamlined with cross-references between sections.\n      3. Reorder methodology chronologically (design→distribution→results). Author response: Restructured for logical flow.\n------******\n\n']"
7	0.85	Analyze/Critique	"['  \nCONTENT IMPROVEMENTS:\n1. Strengthen methodological critique by explicitly linking survey limitations to theoretical gaps (Author response: Added bridge about survey inheriting theoretical blind spots)\n2. Incorporate counter-evidence more systematically (Author response: Integrated Pew Research data in Scholarly Contribution section)\n3. Deepen ordinal regression analysis with causality discussion (Author response: Added causation limitation tied to Table 3 data)\n\nLANGUAGE IMPROVEMENTS:\n1. Replace passive constructions with active voice for accountability (Author response: Revised to ""authors neglected"" from ""were not established"")\n2. Intensify critique language while maintaining academic tone (Author response: Used ""systematically disregards"" and ""fundamental flaw"")\n3. Compress transitions for analytical efficiency (Author response: Reduced bridge from 17 to 12 words)\n\nSTRUCTURE IMPROVEMENTS:\n1. Consolidate limitations discussion in Research Design (Author response: Created ""Methodological Myopia"" subsection)\n2. Add anticipatory framing of critiques (Author response: Introduced Pew contrast early)\n3. Tighten conclusion-problem statement linkage (Author response: Added ""partially confirms while exposing oversights"")\n------******\n\n']"
8	0.85	Analyze/Critique	"['  \n   CONTENT IMPROVEMENTS:\n      1. Strengthen comparative analysis with dental-specific EMR benchmarks (e.g., Dentrix) to contextualize Warped\'s shortcomings more precisely. Author response: Added tooth-charting/insurance code comparison but declined non-dental EMR comparisons to maintain focus.\n      2. Clarify terminology consistency between EMR/EHR early in the paper. Author response: Standardized to ""EMR"" with explanatory footnote about clinical documentation scope.\n      3. Expand interview methodology details to justify single-interview limitation. Author response: Specified interviewee as lead dental surgeon with 12 years\' EMR transition experience.\n\n   LANGUAGE IMPROVEMENTS:\n      1. Revise awkward phrasing in abstract (""has such disadvantages as""). Author response: Changed to ""Warped\'s disadvantages include..."" for smoother reading.\n      2. Reduce redundancy in limitations section about age cohorts. Author response: Simplified to ""Age stratification (e.g., 50+, 60+) was absent.""\n      3. Standardize terminology from ""Warped program"" to ""Warped system"" throughout. Author response: Implemented globally with italicization for proprietary systems.\n\n   STRUCTURE IMPROVEMENTS:\n      1. Enhance abstract clarity about Warped-Cerner relationship. Author response: Added ""evaluated against Cerner\'s dental-specific usability benchmarks.""\n      2. Improve limitations flow through thematic grouping without subheadings. Author response: Used transitional phrases like ""Beyond sample constraints...""\n      3. Prioritize recommendations by numbering (Priority 1/2). Author response: Added hierarchy with justification for multi-site studies as foundational.\n------******\n\n']"
9	0.75	Analyze/Critique	"['  \n   CONTENT IMPROVEMENTS:  \n      1. Sharpen thesis to explicitly state analytical approach (Author agrees but prefers interrogative framing: ""By examining through vulnerable populations...reveals tensions between individual rights and collective wellbeing"")  \n      2. Develop Christian perspective with denominational nuances (Author will add Catholic/Protestant distinctions but limits theological debate to maintain medical ethics focus)  \n      3. Incorporate CRISPR and COVID-era genetic surveillance for contemporary relevance (Author commits to adding 2-3 sentences about CRISPR\'s impact on embryo ethics debates)  \n\n   LANGUAGE IMPROVEMENTS:  \n      1. Implement graduated intensity scale for ethical claims (Author creates 3-tier system: neutral → established → urgent language matching evidence accumulation)  \n      2. Strengthen parallel structure in listings (Author revises to: ""diagnosing disorders, detecting risks...affirming human dignity"")  \n      3. Smooth citation integration (Author adopts narrative citations like ""Moore\'s 1996 warning about \'genetic fortune-telling\'..."")  \n\n   STRUCTURE IMPROVEMENTS:  \n      1. Add visual schema mapping cases to ethical principles (Author designs Figure 1 with diagnostic/predictive testing axes and color-coded conflicts)  \n      2. Use margin annotations instead of subheadings (Author implements 🔵[AUT] tags and conceptual icons to preserve narrative flow)  \n      3. Bookend conclusion with diagnostic/predictive dichotomy (Author restates framework then adds forward-looking CRISPR analysis)  \n------******  \n\n']"
10	0.85	Analyze/Critique	"['  \n   CONTENT IMPROVEMENTS:  \n      1. Deepen analysis of multinomial logistic regression\'s appropriateness (Author response: Will add specific explanations about categorical outcomes and comparison to binary models)  \n      2. Expand cultural sensitivity discussion with clinical examples (Author response: Will connect statistical results to specific screening protocols)  \n      3. Strengthen mixed methods suggestion with qualitative approaches (Author response: Will specify phenomenological interviews for lived experiences)  \n\n   LANGUAGE IMPROVEMENTS:  \n      1. Vary sentence openings beyond ""Researchers/The article"" (Author response: Will implement 30-40-30 structure with method/researcher/finding-first sentences)  \n      2. Replace imprecise terms like ""enormous"" (Author response: Will use ""comprehensive"" for research scope)  \n      3. Simplify complex noun phrases (Author response: Will change ""medical complications associated with substance use"" to ""substance-related health complications"")  \n\n   STRUCTURE IMPROVEMENTS:  \n      1. Add visual anchor with regression findings table (Author response: Will insert Table 1 after methodology explanation)  \n      2. Improve technical-to-practical transitions (Author response: Will create 4 conceptual bridges using β coefficients as springboards)  \n      3. Include key takeaways box (Author response: Will add balanced methodological/clinical insights at conclusion)  \n------******  \n\n']"
11	0.85	Analyze/Critique	"['  \n   CONTENT IMPROVEMENTS:  \n      1. Expand discussion of counterarguments regarding public health benefits of certificates (Author response: Will incorporate as intersecting with social justice claims rather than standalone policy debate)  \n      2. Clarify Wenham\'s HIV/TB comparison as rhetorical strategy rather than epidemiological claim (Author response: Will emphasize this as moral parable and preempt ""false equivalence"" critiques)  \n      3. Address phased certificate rollouts as unresolved tension in Wenham\'s framework (Author response: Will frame as paradox her activism intentionally sidelines for moral clarity)  \n\n   LANGUAGE IMPROVEMENTS:  \n      1. Replace abrasive phrasing like ""irrelevant data"" with ""outdated evidence"" (Author response: Corrected all instances)  \n      2. Maintain 70/30 balance between activist terms (""apartheid"") and analytical language (""structural exclusion"") (Author response: Implemented with precise contextualization)  \n      3. Fix gender reference (""his"" → ""her"" for Clare Wenham) (Author response: Corrected throughout)  \n\n   STRUCTURE IMPROVEMENTS:  \n      1. Sharper introduction explicitly stating analytical purpose (Author response: Added framing of both rhetorical and ethical analysis)  \n      2. Smoother transitions between supporting and countering Wenham\'s claims (Author response: Implemented argument tags like ""strategically circumvents"")  \n      3. Conclusion reinforcing rhetorical analysis alongside ethical critique (Author response: Added focus on activist scholarship\'s ""strategic amplifications"")  \n------******  \n\n']"
12	0.75	Educate/Teach	"['  \n   CONTENT IMPROVEMENTS:\n      1. Narrow the scope to either industrial or municipal hazardous waste for deeper analysis (Author response: Will clarify product-associated waste focus while retaining global comparisons via transitional phrases)\n      2. Incorporate post-2020 data from UNEP/OECD to strengthen urgency (Author response: Will add 2023 World Bank updates on e-waste and Singapore\'s NEA 2023 landfill statistics)\n      3. Enhance theoretical framework with political ecology contrast to stakeholder theory (Author response: Will add Robbins 2012 reference in Literature Review to analyze power asymmetries)\n\n   LANGUAGE IMPROVEMENTS:\n      1. Reduce redundancy in hazard descriptions (Author response: Removed ""detrimental or potentially destructive"" as redundant with material properties)\n      2. Standardize technical terms (Author response: Adopted unspaced ""CO2"" throughout per APA style)\n      3. Strengthen policy recommendations with parallel active constructions (Author response: Implemented ""Governments must... Industries should..."" structure in Future Research)\n\n   STRUCTURE IMPROVEMENTS:\n      1. Add conceptual signposts in Literature Review (Author response: Added bolded transitions like **""Examining industrial waste challenges reveals...""**)\n      2. Bridge Literature Review-Findings transition (Author response: Added 25-word preview of ""leverage points for intervention"")\n      3. Justify standalone Future Research section (Author response: Maintained separation as policy-facing element but added backward reference from Conclusion)\n------******\n\n']"
13	0.75	Educate/Teach	"['  \n   CONTENT IMPROVEMENTS:\n      1. Add recent (post-2015) sources about digital transformation impacts to update the literature foundation (Author response: Will add 2-3 newer sources while retaining foundational ones like Vitasek)\n      2. Strengthen quality measurement discussion with specific IT service KPIs and ISO/IEC 20000 standards (Author response: Agrees to add comparative input/outcome metrics table)\n      3. Include concrete transition examples or principles checklist for employee impacts (Author response: Prefers adding bulleted transitional principles over case-specific details)\n\n   LANGUAGE IMPROVEMENTS:\n      1. Reduce repetition of phrases like ""when developing a contract"" with variants (Author response: Will implement contextual alternatives like ""during contract formulation"")\n      2. Replace passive constructions with active voice in recommendations (Author response: Will use active for directives while keeping passive for general principles)\n      3. Vary ""win-win"" terminology with business equivalents like ""mutual benefit"" (Author response: Created term matrix with context-specific alternatives)\n\n   STRUCTURE IMPROVEMENTS:\n      1. Reorganize elements into thematic groups (Strategic/Operational/Relationship) (Author response: Will implement with new headers and cross-references)\n      2. Add visual framework showing element interrelationships (Author response: Proposing concentric circle model with interactive QR code version)\n      3. Include margin icons (⚖️👥) to highlight legal/HR considerations (Author response: Will implement with Pantone colors and accessibility tags)\n------******\n\n']"
14	0.85	Educate/Teach	"['  \n   CONTENT IMPROVEMENTS:\n      1. Strengthen neural connections by adding 2-3 sentences about innervation in each muscle section (Author response: Will implement with examples like ""Dorsal interossei rely on deep ulnar nerve branches (C8-T1)"")\n      2. Balance sensory pathways with motor control explanations (Author response: Plans to add brief ""Neurological Control"" callouts in each muscle section)\n      3. Tighten stroke section connection to earlier anatomical descriptions (Author response: Will add transition paragraph framing stroke as applied neurology example)\n\n   LANGUAGE IMPROVEMENTS:\n      1. Improve sentence variety to avoid monotony (Author response: Adopts revisions like changing ""The brachialis is..."" to ""Deep in the arm\'s anterior compartment, the brachialis lies..."")\n      2. Increase conciseness where possible (Author response: Will tighten phrases like changing ""It is the root plexus that..."" to ""The root plexus surrounding..."")\n      3. Add transitional phrases between sections (Author response: Adding bridges like ""Beyond motor control, the hand\'s sensory mechanisms are equally vital"")\n\n   STRUCTURE IMPROVEMENTS:\n      1. Add neural integration paragraph before stroke section (Author response: Will create 150-word synthesis mapping motor/sensory pathways)\n      2. Streamline elbow section to focus on hand relevance (Author response: Cutting lacertus details, reducing by 50 words)\n      3. Enhance conclusion with brain-hand loop synthesis (Author response: Adding ""From cortical signals to fingertip receptors..."" framing)\n------******\n\n']"
15	0.85	Educate/Teach	"['  \n   CONTENT IMPROVEMENTS:\n      1. Strengthen the connection between developmental theories and PTSD treatment applications (Author response: Will add trauma lifespan manifestations explanation)\n      2. Include more recent studies (post-2010) to update evidence base (Author response: Will add 2017-2022 studies from Journal of Traumatic Stress)\n      3. Add comparative effectiveness analysis of different treatment approaches (Author response: Will create appendix table comparing paradigms)\n\n   LANGUAGE IMPROVEMENTS:\n      1. Reduce redundancy in phrases like ""Research has shown"" (Author response: Will implement 40-30-20-10 distribution of alternative phrases)\n      2. Improve sentence concision and variety (Author response: Will modify every 3rd-4th sentence in theoretical sections)\n      3. Add tiered accessibility features (Author response: Will implement blue boxes for complex concepts and footnotes for terms)\n\n   STRUCTURE IMPROVEMENTS:\n      1. Add paradigm integration section addressing treatment tensions (Author response: Will create hybrid model with brief acknowledgments and dedicated synthesis)\n      2. Include visual decision-support tools (Author response: Will add flowchart and treatment timeline matrix)\n      3. Implement navigation system for different reader types (Author response: Will create versioned formats and reading path options)\n------******\n\n']"
16	0.85	Persuade/Influence	"['  \n   CONTENT IMPROVEMENTS:  \n      1. Strengthen market size justification with competitor analysis (Author response: Added 78% competitor neglect statistic from Thompson/Telfer).  \n      2. Explicitly link KISS approach to intrapreneurial structure (Author response: Added synergy explanation in Product Scalability section).  \n      3. Refine client segmentation (Author response: Specified tech/finance professionals and small business owners while preserving broad market appeal).  \n\n   LANGUAGE IMPROVEMENTS:  \n      1. Standardize currency formatting (Author response: Adopted ""$"" prefix consistently).  \n      2. Reduce passive voice (Author response: Revised 8 instances, e.g., ""are expected to"" → ""we expect"").  \n      3. Improve sentence variety in Market Size section (Author response: Added ""While X, Y"" structures).  \n\n   STRUCTURE IMPROVEMENTS:  \n      1. Add transition between Market Size and Personnel (Author response: Added 12-word bridge tying staffing to market needs).  \n      2. Maintain standalone Product Scalability section (Author response: Justified as unique selling point; added cross-reference in Profitability).  \n      3. Enhance conclusion with enumerated takeaways (Author response: Used narrative format for professionalism).  \n------******  \n\n']"
17	0.85	Educate/Teach	"['  \n   CONTENT IMPROVEMENTS:  \n      1. Add fragmented examples (e.g., European/Asian firms) to illustrate concepts without derailing the conceptual focus (Author response: Will integrate 2-3 geographically diverse examples while maintaining framework primer approach).  \n      2. Strengthen limitations discussion with running critique model (Author response: Will weave empirical counterpoints like Aberdeen\'s 2023 data on implementation challenges after each benefit claim).  \n      3. Restructure conclusion to synthesize themes and propose future research (Author response: Will use bulleted lists for challenges and end with a provocative question on emerging-market adaptability).  \n\n   LANGUAGE IMPROVEMENTS:  \n      1. Simplify 3-4 complex sentences per section (Author response: Revised example shown - split 47-word sentence into two clearer statements).  \n      2. Replace vague phrases with data-driven language (Author response: Added TechValidate 2023 statistic to replace ""varied opinions"").  \n      3. Fix comma splices in lists (Author response: Standardized semicolon usage for items with internal commas).  \n\n   STRUCTURE IMPROVEMENTS:  \n      1. Implement decimal numbering for subsections (Author response: Hybrid approach using **2.1** headings + bolded thematic titles).  \n      2. Add transitional questions between major sections (Author response: Inserted 2 strategic questions to guide reader progression).  \n      3. Use bulleted lists in conclusion (Author response: Created parallel-structure challenges list with localization/integration/emerging market gaps).  \n------******  \n\n']"
18	0.88	Analyze/Critique	"['  \n   CONTENT IMPROVEMENTS:\n      1. Strengthen theoretical integration by explicitly linking campaign elements to Petty & Cacioppo\'s ELM framework (Author response: Will add specific ad examples showing peripheral/central route alignment)\n      2. Include comparative analysis using reactance theory to address potential counterarguments (Author response: Agrees to add brief contrast while maintaining ELM as primary framework)\n      3. Deepen demographic analysis with focused comparison between students and career-changers (Author response: Will add paragraph contrasting these groups\' engagement patterns)\n\n   LANGUAGE IMPROVEMENTS:\n      1. Replace conversational phrases with academic equivalents (Author response: Revised ""some may find"" to ""certain demographic segments perceive"")\n      2. Improve sentence variety by breaking up long complex sentences (Author response: Reduced 42-word objective section to two clearer sentences)\n      3. Tighten redundant expressions (Author response: Changed ""irrespective of income or education level"" to ""across demographic strata"")\n\n   STRUCTURE IMPROVEMENTS:\n      1. Enhance paragraph coherence by separating blended ideas in objectives section (Author response: Restructured into primary objectives/social impacts clusters)\n      2. Strengthen transitions between analytical sections (Author response: Added signpost sentences like ""This reflection strategy\'s effectiveness becomes apparent..."")\n      3. Expand conclusion to synthesize key insights about reflection strategy (Author response: Added paragraph connecting provocation to campaign\'s core thesis)\n------******\n\n']"
19	0.75	Educate/Teach	"['  \n   CONTENT IMPROVEMENTS:\n      1. Strengthen the solar energy connection throughout by adding specific examples of solar project conflicts (Author response: Will include Brazil\'s Piauí Solar Complex delays and a mini case study from Country D)\n      2. Provide more operational details about the proposed intergovernmental agency (Author response: Will specify voting mechanisms, funding sources, and enforcement protocols including a REST task force)\n      3. Add supporting statistics and contextualize the 1987 agreement reference (Author response: Will incorporate UNEP data on fish stock decline and explain why the agreement failed)\n\n   LANGUAGE IMPROVEMENTS:\n      1. Reduce sentence complexity and eliminate redundancy (Author response: Will break up long sentences but retain some for nuance, and trim repetitive stakeholder descriptions)\n      2. Adopt more formal academic phrasing while maintaining policy accessibility (Author response: Will replace informal terms like ""push for"" with ""advocate"" but avoid excessive jargon)\n      3. Clarify ambiguous references and use active voice consistently (Author response: Will eliminate vague pronouns and maintain 90% active voice construction)\n\n   STRUCTURE IMPROVEMENTS:\n      1. Differentiate executive summary (solution-focused) from introduction (problem-focused) (Author response: Will modify summary to emphasize recommendations while keeping introduction contextual)\n      2. Add subsections to the analysis portion for better navigation (Author response: Will create ""Stakeholder Dynamics"", ""Governance Pathways"", and ""Implementation Challenges"" subsections)\n      3. Improve transitions between sections with bridging sentences (Author response: Will add connectors like ""Given these competing interests..."" before proposing solutions)\n------******\n\n']"
20	0.75	Educate/Teach	"['  \n   CONTENT IMPROVEMENTS:  \n      1. Add analysis connecting innovations to societal impacts (e.g., compass enabling maritime trade). Author responded they would add a sentence about the Maritime Silk Road.  \n      2. Elaborate on the demographic collapse theory with comparative evidence. Author agreed to add a note contrasting Chinese dynastic collapses with European feudal systems.  \n      3. Replace generalizations like ""leading in development"" with specific comparisons (e.g., China\'s printed books vs. European monastic scribes). Author accepted this revision.  \n\n   LANGUAGE IMPROVEMENTS:  \n      1. Revise vague phrases (e.g., ""practicing arts"" → ""engraving celestial motifs""). Author implemented this change.  \n      2. Standardize tense to simple past throughout. Author completed this audit.  \n      3. Reduce passive voice where agency matters (e.g., ""Confucian scholars revived"" vs. ""There was a resurgence""). Author achieved a 68/32 active/passive ratio.  \n\n   STRUCTURE IMPROVEMENTS:  \n      1. Add transitional phrases between topics in ""Period’s description."" Author added 4 transitions marked with ♦ symbols.  \n      2. Strengthen conclusion with a ""big picture"" insight about China\'s later influence. Author linked innovations to modern ""soft power"" roots.  \n      3. Create a sidebar table summarizing innovations by dynasty. Author included a QR-coded table linking to MET Museum artifacts.  \n------******  \n\n']"
21	0.85	Analyze/Critique	"['  \n   CONTENT IMPROVEMENTS:\n      1. Add specific ASPE section references (e.g., Section 1521 for contingent liabilities) to strengthen technical authority. Author response: Will enhance with ASPE section numbers while keeping explanations concise.\n      2. Expand tax rate discussion to explain why 30% non-compliance matters. Author response: Will add cross-reference to ASPE Section 3465 rather than expanding technical tax details.\n      3. Include materiality thresholds for each issue (e.g., claims exceeding 5% of revenue). Author response: Will add materiality percentages to strengthen professional analysis.\n\n   LANGUAGE IMPROVEMENTS:\n      1. Eliminate redundancies (e.g., ""the most the most"" → ""the most""). Author response: Implemented with ASPE 3400 reference for ""profit measurement"".\n      2. Break up long sentences (e.g., 63-word machinery valuation sentence). Author response: Restructured into bullet points with audit evidence markers.\n      3. Balance active/passive voice strategically. Author response: Using active for standards requirements (""Record claims per 3290.15"") while retaining passive for neutrality.\n\n   STRUCTURE IMPROVEMENTS:\n      1. Add transitional bridges between sections. Author response: Added ASPE-anchored transitions showing issue relationships.\n      2. Include priority ranking of issues. Author response: Added 3-tier system (Claims → Machinery → Tax) with ASPE references.\n      3. Implement visual hierarchy with bolded ASPE references. Author response: Using *ASPE 3290 (Liabilities)* format for scannability.\n------******\n\n']"
22	0.85	Educate/Teach	"['  \n   CONTENT IMPROVEMENTS:  \n      1. Add comparative analysis through an appendix matrix (Author response: Will implement 6-category matrix including Rule Philosophy and Player Development)  \n      2. Strengthen contemporary relevance by linking legacy strategies to current coaching trends (Author response: Will add trauma-informed coaching connections in conclusion)  \n      3. Enhance critical engagement by reframing critiques as ""practical considerations"" (Author response: Will discuss balancing Summitt\'s minimalist rules with modern mental health protocols)  \n\n   LANGUAGE IMPROVEMENTS:  \n      1. Improve conciseness by replacing phrases like ""procured the bulk of"" with ""holds the record for"" (Author response: Adopted ""precise but vibrant"" tone)  \n      2. Standardize quote integration using ""[Context], [Quote] (Citation), [Analysis]"" format (Author response: Applied to all 12 quotes)  \n      3. Increase active voice from 82% to 92% while maintaining academic rigor (Author response: Revised verbs like ""confronted"" for Stringer)  \n\n   STRUCTURE IMPROVEMENTS:  \n      1. Formalize subheadings using ""[Outcome] Through [Method]"" format (Author response: Implemented e.g., ""Discipline Through Accountability"")  \n      2. Enhance introduction/conclusion mirroring with contrast language (Author response: Added coaching paradigm preview)  \n      3. Standardize coach section openings (Author response: All now begin ""[Full name] serves as..."")  \n------******  \n\n']"
23	0.85	Educate/Teach	"['  \n   CONTENT IMPROVEMENTS:\n      1. Incorporate more recent (post-2015) case studies to complement foundational theories - Author responded by adding Toyota Kaizen example but could include additional contemporary examples from service industries.\n      2. Strengthen the practical application of HR\'s quality role with specific metrics - Author implemented 37% defect reduction metric but could show more operational bridges between HR actions and quality outcomes.\n      3. Address potential counterarguments about HR\'s scope creep into quality management - Author added limitations paragraph but could more directly debate resource allocation challenges.\n\n   LANGUAGE IMPROVEMENTS:\n      1. Reduce passive constructions where active voice would strengthen impact - Author reduced to 18% passive voice but could further optimize in procedural descriptions.\n      2. Vary sentence structure to improve reading rhythm - Author increased variation by 30% but some sections still follow similar patterns.\n      3. Tighten redundant phrases (e.g., ""role of linking"" → ""links"") - Author implemented but could extend to more technical terms like ""total quality management.""\n\n   STRUCTURE IMPROVEMENTS:\n      1. Improve transitions between training/communication/rewards sections - Author added bridging sentences but some conceptual jumps remain.\n      2. Consider optional subheadings for modular teaching use - Author created but could better align with introduction\'s roadmap.\n      3. Elevate repetitive concepts through applied examples - Author enhanced with executive dashboards but could do more with reward systems examples.\n------******\n\n']"
24	0.85	Analyze/Critique	"['  \n   CONTENT IMPROVEMENTS:  \n      1. Expand on counterarguments regarding the two-year degree requirement to provide a more balanced view (Author\'s response: Added brief acknowledgment of standardized training benefits before refuting them).  \n      2. Include concrete examples for proposed exam changes, such as sample scenario-based questions (Author\'s response: Added example: ""How would you de-escalate a racially charged dispute?"").  \n      3. Strengthen the conclusion by summarizing key recommendations (Author\'s response: Added concise summary of 4 reform steps).  \n\n   LANGUAGE IMPROVEMENTS:  \n      1. Replace redundant phrases like ""necessitates the need for coming up with"" with concise alternatives (Author\'s response: Revised to ""requires developing"").  \n      2. Clarify ambiguous pronouns (e.g., ""it is irrational"") for better readability (Author\'s response: Revised to ""focusing on shortcomings over potential is irrational"").  \n      3. Maintain consistent formal tone by replacing colloquialisms like ""turns off"" (Author\'s response: Changed to ""deters"").  \n\n   STRUCTURE IMPROVEMENTS:  \n      1. Add transitional phrases between sections for smoother flow (Author\'s response: Added ""Beyond cognitive assessments..."" before fitness test discussion).  \n      2. Improve paragraph unity by ensuring each focuses on a single idea (Author\'s response: Split combined arguments about degree requirements and staffing).  \n      3. Enhance the introduction to better set up the analysis (Author\'s response: Tightened opening to emphasize community policing focus).  \n------******  \n\n']"
25	0.75	Explain/Clarify	"['  \n   CONTENT IMPROVEMENTS:  \n      1.[Add concrete example showing lien\'s auto loan impact - Author responded by proposing a moderate hypothetical: ""$5,000 lien typically adds 3-5 percentage points to auto loan APRs""]  \n      2.[Strengthen connection between lien info and purchasing advice - Author agreed to add transitional phrasing about relative loan accessibility]  \n      3.[Tighten house/car comparison focus - Author proposed reframing as ""Prioritizing Major Purchases When Liens Exist""]  \n\n   LANGUAGE IMPROVEMENTS:  \n      1.[Correct grammatical errors (""oweur"" → ""owes"") - Author implemented immediately]  \n      2.[Use gender-neutral language (""they"" instead of ""he/she"") - Author strongly preferred this approach]  \n      3.[Replace colloquialisms (""a little bit"") - Author chose ""requires more planning"" over ""somewhat complicated""]  \n\n   STRUCTURE IMPROVEMENTS:  \n      1.[Add bolded figures for key data - Author implemented with percentage/down payment highlights]  \n      2.[Streamline transition paragraph to 3 sentences - Author maintained strict limit]  \n      3.[Ensure each paragraph ties back to auto implications - Author added explicit connections in reframed section]  \n------******  \n\n']"
26	0.75	Educate/Teach	"['  \n   CONTENT IMPROVEMENTS:  \n      1. Add Bahrain-specific regulatory details (e.g., 30-day licensing approvals, $250k capital requirements) to enhance practical relevance. Author response: Agreed, but will use absolute figures instead of comparative percentages for global readability.  \n      2. Clarify tax implications with jurisdictional nuance (e.g., Bahrain\'s 0% tax vs. U.S. IRS Section 831(b)). Author response: Will add precise citation (""Bahrain\'s Captive Regulations 2021 Revision"") while avoiding technical jargon.  \n      3. Strengthen conclusion by linking risk-sharing benefits to Bahrain\'s dominance (e.g., 60% GCC market share). Author response: Accepted, using non-timebound statistic from Bahrain EDB 2022.  \n\n   LANGUAGE IMPROVEMENTS:  \n      1. Replace ambiguous phrases like ""caution risk"" with ""mitigate risk."" Author response: Implemented globally.  \n      2. Convert repetitive intro to parallel structure (numbered core functions). Author response: Revised with instructional repetition preserved.  \n      3. Use active voice (e.g., ""pooling risk buffers..."" vs. ""placing risk ensures""). Author response: Applied throughout.  \n\n   STRUCTURE IMPROVEMENTS:  \n      1. Add descriptive subheaders (e.g., ""Evaluating Captive Structures"") instead of prose transitions. Author response: Implemented to match textbook style.  \n      2. Separate Middle East content into dedicated subsection. Author response: Created ""Geographic Concentration: Bahrain\'s Dominance.""  \n      3. Enhance conclusion with synthesis sentence bridging types to regional application. Author response: Added, connecting pure captives to Bahrain\'s ecosystem.  \n------******  \n\n']"
27	0.75	Persuade/Influence	"['  \n   CONTENT IMPROVEMENTS:  \n      1. Strengthen the nurse-manager dichotomy by acknowledging hybrid roles/training programs (Author\'s response: Will maintain core argument but add brief recognition of supplemental management training for nurses)  \n      2. Enhance literature integration by summarizing key findings from cited papers (Author\'s response: Will add specific error reduction statistics from Ghanem et al. and performance metrics from Parand et al.)  \n      3. Sharpen respiratory department focus with transitional justification (Author\'s response: Will add ""high-stakes, time-sensitive interventions"" rationale)  \n\n   LANGUAGE IMPROVEMENTS:  \n      1. Simplify complex medical metaphors with explanatory clauses (Author\'s response: Will add parenthetical explanations for first uses of key terms)  \n      2. Reduce nominalizations in methodological descriptions (Author\'s response: Will revise phrases like ""error incidence rate quantification"")  \n      3. Maintain consistent technical register for core concepts (Author\'s response: Will preserve essential terms like ""hypoperfused leadership zones"")  \n\n   STRUCTURE IMPROVEMENTS:  \n      1. Implement ""triple competency gap"" model visualization (Author\'s response: Will develop 3D heat map with mortality correlation gradients)  \n      2. Tighten methodology-thesis alignment (Author\'s response: Will explicitly link error analysis to missing competency types)  \n      3. Standardize explanatory parentheses to match glossary structure (Author\'s response: Will use uniform ""management areas where..."" phrasing)  \n------******  \n\n']"
28	0.75	Educate/Teach	"['  \n   CONTENT IMPROVEMENTS:  \n      1. Add a case study on IBM\'s auditing system to illustrate practical applications (Author response: Will add under ""Controlling"" with 2022 cloud audit example).  \n      2. Include a ""Challenges"" subsection discussing market/internal obstacles (Author response: Will add 150-word section under ""Governance"" using IBM\'s 2023 report).  \n      3. Diversify sources beyond Williams (Author response: Will replace 2 citations with Statista/IBM Report data).  \n\n   LANGUAGE IMPROVEMENTS:  \n      1. Reduce redundant phrases like ""critical provision"" (Author response: Will replace with ""priority"" or ""key factor"").  \n      2. Shorten complex sentences in ""Controlling"" section (Author response: Will revise passive constructions).  \n      3. Maintain consistent academic tone (Author response: Will change ""very good"" to ""highly effective"").  \n\n   STRUCTURE IMPROVEMENTS:  \n      1. Condense ""Challenges"" subsection to 150 words (Author response: Will trim Kyndryl revenue details).  \n      2. Add topic sentence for audit case study (Author response: Will frame with ""Operational accountability is exemplified by..."").  \n      3. Remove duplicate leadership statements (Author response: Will retain only first instance).  \n------******  \n\n']"
29	0.85	Educate/Teach	"['  \n   CONTENT IMPROVEMENTS:  \n      1. Expand aural literacy section with digital examples (e.g., notification tones) to match other sections\' depth. Author responded by adding digital/traditional balance while maintaining academic focus.  \n      2. Strengthen theoretical grounding with key scholars like Cope & Kalantzis. Author selectively incorporated their ""knowledge processes"" framework without over-theorizing.  \n      3. Modernize visual literacy examples beyond color symbolism (e.g., infographics). Author replaced proposed emoji examples with academic infographic analysis.  \n\n   LANGUAGE IMPROVEMENTS:  \n      1. Replace vague terms like ""etc."" with specific examples. Author implemented ""compositional principles"" in visual section.  \n      2. Clarify technical terms via appositives (e.g., ""deictic - communicative actions - gestures""). Author used en dashes for seamless definitions.  \n      3. Split complex sentences for readability while preserving academic tone. Author refined spatial literacy passage into two clearer propositions.  \n\n   STRUCTURE IMPROVEMENTS:  \n      1. Vary transition phrases between sections. Author replaced repetitive ""In this way"" with ""Accordingly,"" ""Consequently,"" and ""Therefore.""  \n      2. Strengthen conclusion with literacy type interconnections. Author added classroom demonstration example showing simultaneous literacies.  \n      3. Maintain paragraph length discipline during additions. Author trimmed new content to preserve original section balance.  \n------******  \n\n']"
30	0.85	Analyze/Critique	"['  \n   CONTENT IMPROVEMENTS:  \n      1. Deepen thematic exploration of Bunin\'s realism by explicitly connecting landscape descriptions to emotional states (Author response: Will add contrast with Chekhov\'s functional settings to highlight Bunin\'s psychological realism)  \n      2. Expand analysis of character motivations through narrative technique rather than speculation (Author response: Will focus on what Bunin withholds to mirror life\'s ambiguities)  \n      3. Strengthen comparative analysis with Nabokov using exile writing context (Author response: Will add specific contrasts between Nabokov\'s metafiction and Bunin\'s nostalgia)  \n\n   LANGUAGE IMPROVEMENTS:  \n      1. Replace passive constructions like ""fossilized memory"" with active metaphors (Author response: Adopted ""memory petrifies into topography"")  \n      2. Clarify specialized terms (e.g., adding gloss for ""foxed edges"") while maintaining precision  \n      3. Streamline scholarly integrations (Author response: Tightened Connolly/Marullo comparison to avoid redundancy)  \n\n   STRUCTURE IMPROVEMENTS:  \n      1. Split blended paragraphs (e.g., separate plot summary from psychological insight in ""Dark Paths"" analysis)  \n      2. Add midpoint synthesis paragraph explicitly linking both stories\' structural patterns (Implemented as archaeology of loss framing)  \n      3. Consolidate redundant Nabokov comparisons into exile section with forward-looking signposts  \n------******  \n\n']"
31	0.85	Educate/Teach	"['  \n   CONTENT IMPROVEMENTS:  \n      1. Strengthen support for claims about applicant dishonesty with statistics or legal references (Author\'s response: Will add generic industry analysis like ""Healthcare industry analyses consistently show..."").  \n      2. Expand discussion on progressive discipline alternatives before termination (Author\'s response: Added retraining/mentorship programs as preferred options for performance issues).  \n      3. Clarify reference integration by linking Stone to termination practices and Lee to liability (Author\'s response: Added explicit phrasing like ""As Stone (2005) outlines..."").\n\n   LANGUAGE IMPROVEMENTS:  \n      1. Replace archaic terms like ""prosy"" with ""overly detailed"" (Author\'s response: Implemented).  \n      2. Standardize verb tense (present for principles, conditional for scenarios) (Author\'s response: Revised throughout).  \n      3. Improve transitions between sections (Author\'s response: Added phrases like ""Beyond hiring..."" while maintaining brevity).\n\n   STRUCTURE IMPROVEMENTS:  \n      1. Add job ad comparison table with risk/benefit columns (Author\'s response: Created 4-column table with Element/Poor Ad/Good Ad/Impact).  \n      2. Convert background checks and termination steps to bulleted lists (Author\'s response: Implemented with parallel structure).  \n      3. Include QR code for editable checklist templates (Author\'s response: Added digital enhancements for practical use).\n------******\n\n']"
32	0.85	Explain/Clarify	"['  \n   CONTENT IMPROVEMENTS:  \n      1. Add specific numerical findings in Results section (e.g., effect sizes) - Author agrees to include one representative statistic while maintaining conceptual focus  \n      2. Expand practical implications for banking practitioners - Author will add brief speculative paragraph about applications  \n      3. Strengthen cultural context with comparative perspective - Author will incorporate Sharia-compliant finance principles discussion  \n\n   LANGUAGE IMPROVEMENTS:  \n      1. Replace ""people doubt"" with ""industry leaders question"" - Author implements this precise banking-sector terminology  \n      2. Vary sentence structure in Results section - Author adds short emphatic sentences between complex explanations  \n      3. Use active voice for original claims in Opinion section - Author revises to ""I find"" instead of passive constructions  \n\n   STRUCTURE IMPROVEMENTS:  \n      1. Maintain current heading structure (rejects transitional subheadings) to preserve empirical paper conventions  \n      2. Keep methodology and results as longest sections to reflect technical complexity  \n      3. Use bullet points selectively (only for control variables) to maintain visual hierarchy  \n------******  \n\n']"
33	0.75	Explain/Clarify	"['  \n   CONTENT IMPROVEMENTS:  \n      1. Add concrete example of modern union impact (e.g., 2023 UPS-Teamsters agreement showing $170k driver compensation) - Author agreed to implement this specific example to ground the relevance argument.  \n      2. Consider addressing counterarguments about declining union relevance - Author preferred maintaining pure explanatory focus rather than engaging debate, preserving the essay\'s educational intent.  \n      3. Strengthen historical context with brief mention of specific early union achievements - Author acknowledged but prioritized keeping historical section concise to maintain balance with contemporary analysis.  \n\n   LANGUAGE IMPROVEMENTS:  \n      1. Replace vague ""or whatsoever"" with precise ""professional consequences"" - Author implemented this change to enhance academic tone while preserving clarity.  \n      2. Elevate ""I have a feeling"" to ""contemporary patterns suggest"" - Author revised to ""While observational data is limited, contemporary patterns suggest"" to maintain qualified perspective with scholarly phrasing.  \n      3. Streamline ""channel grievances to administrative authorities"" to ""address concerns with leadership"" - Author adopted this more concise phrasing while preserving the active voice.  \n\n   STRUCTURE IMPROVEMENTS:  \n      1. Add brief introductory framing sentence - Author added: ""Labor unions have played evolving roles in workplace dynamics"" to establish scope.  \n      2. Improve transition between historical/contemporary sections - Author implemented: ""While these conditions necessitated union formation, their modern adaptations address new workplace realities.""  \n      3. Add synthesizing conclusion - Author added: ""From industrial-era collectives to contemporary negotiators, labor unions persistently institutionalize worker-management dialogue"" to bookend the analysis.  \n------******  \n\n']"
34	0.85	Educate/Teach	"['  \n   CONTENT IMPROVEMENTS:\n      1. Strengthen sensory development discussion in Sand/Water Center by explicitly linking activities to sensory processing skills (Author response: Added tactile experiences description with citation)\n      2. Include differentiation examples for varying skill levels (Author response: Added thick-grip crayons example while maintaining focus on foundational designs)\n      3. Enhance developmental outcome connections with 2-3 specific examples per center (Author response: Added pincer grasp/chalk examples in Creative Arts, spatial reasoning in Blocks)\n\n   LANGUAGE IMPROVEMENTS:\n      1. Vary sentence openings in center descriptions (Author response: Revised 2-3 openings but kept some repetition for scanability)\n      2. Replace passive constructions with active voice (Author response: Changed ""can be faced"" to ""educators may encounter"")\n      3. Strengthen citation integration with diverse lead-ins (Author response: Used ""Kostelnik et al. emphasize"" instead of repetitive ""According to"")\n\n   STRUCTURE IMPROVEMENTS:\n      1. Add transitions between center descriptions (Author response: Added 8-10 word bridges showing developmental progression)\n      2. Move barriers section before developmental summary (Author response: Reorganized with new lead-in about planning considerations)\n      3. Combine final paragraphs with synergistic transition (Author response: Merged using ""work synergistically"" phrase)\n------******\n\n']"
35	0.85	Educate/Teach	"['  \n   CONTENT IMPROVEMENTS:\n      1. Expand the Seven Domains Model section with specific airline applications (Author response: Will add 2-3 connection sentences and comparative bullet points while maintaining focus on process modeling)\n      2. Incorporate 1-2 more recent sources on airline process optimization (Author response: Will add a 2019 airline-specific source while preserving foundational theoretical references)\n      3. Add implementation metrics/KPIs in an appendix (Author response: Will include sample KPIs like passenger satisfaction scores without disrupting conceptual flow)\n\n   LANGUAGE IMPROVEMENTS:\n      1. Reduce passive voice usage from 40% to 30% (Author response: Will shift to 70% active voice while retaining passive for system-focused passages)\n      2. Replace 90% of ""in order to"" with ""to"" for conciseness (Author response: Accepts this change while keeping some longer constructions for pedagogical clarity)\n      3. Standardize article usage (""a system"" for generic cases) (Author response: Will implement this rule consistently across the document)\n\n   STRUCTURE IMPROVEMENTS:\n      1. Add transitional framing for the Seven Domains Model section (Author response: Will insert a ""Framework Evaluation"" callout box to maintain pedagogical sequence)\n      2. Include figure references in Table of Contents (Author response: Will add ""Fig 1: Proposed Copa Process Flow"" with page numbers)\n      3. Balance section lengths by moving examples to appendices (Author response: Will relocate 2 theoretical examples to new Appendix C while expanding shorter sections)\n------******  \n\n']"
36	0.85	Educate/Teach	"['  \n   CONTENT IMPROVEMENTS:\n      1. Deepen analysis of causal relationships beyond event listing (Author responded by adding Panther tank mechanical failures and production comparisons)\n      2. Incorporate missing strategic dimensions like economic factors (Author added Allied bombing impact on German production)\n      3. Expand source variety beyond two general histories (Author incorporated primary sources like Chuikov and Porsche archives)\n\n   LANGUAGE IMPROVEMENTS:\n      1. Correct technical terms (""panther"" → ""Panther"") and nationalities (""japans"" → ""Japanese"") (Author implemented full nomenclature on first mentions)\n      2. Replace colloquialisms with academic phrasing (""went down the drain"" → ""were dashed"") (Author elevated tone while preserving readability)\n      3. Add contextual definitions for military terms (Author added parenthetical explanations like ""Blitzkrieg (lightning war)"")\n\n   STRUCTURE IMPROVEMENTS:\n      1. Strengthen thesis presentation in introduction (Author added explicit three-factor framework)\n      2. Improve transitions between theaters/topics (Author implemented rotating transition types)\n      3. Separate combined analysis paragraphs (Author created distinct leadership vs. material limitation sections)\n------******\n\n']"
37	0.85	Analyze/Critique	"['  \n   CONTENT IMPROVEMENTS:\n      1. Strengthen the connection between the assessment score (75) and specific workplace issues - the author agrees this would ""enhance by including a brief table in Appendix A mapping Clark\'s inventory domains to observed issues.""\n      2. Better utilize positive aspects (mentorship program) to address civility challenges - author responds they\'ll adapt by showing how ""existing mentorship infrastructure provides an ideal platform for rolling out cognitive rehearsal training.""\n      3. Refine the abrupt ""no tolerance policy"" suggestion to match the essay\'s nuanced tone - author will modify to emphasize ""progressive accountability"" combining positive reinforcement with escalation protocols.\n\n   LANGUAGE IMPROVEMENTS:\n      1. Replace colloquial phrases like ""rumor has it"" with more professional alternatives (""informal reports suggest"") - author explicitly commits to this change.\n      2. Increase use of healthcare-specific verbs (""assess, intervene, evaluate"") to maintain clinical authenticity - author plans to develop a ""Scholar-Clinician Phrasebook"" for this purpose.\n      3. Add metric-informed language (e.g., ""28% fewer reported incidents"") to strengthen evidence-based claims - author agrees to incorporate specific HR data points.\n\n   STRUCTURE IMPROVEMENTS:\n      1. Move the DESC model example from Appendix to main text as a case study with new subheading - author confirms this change and titles it ""Case Study Application: DESC Model in Nurse-Manager Conflict.""\n      2. Add transitional paragraph before conclusion to improve flow - author will insert: ""While policy frameworks provide structure, sustainable change requires...""\n      3. Create visual conceptual diagram showing theoretical intersections (Clark/Maslow/Ng) - author designs a ""Civility Framework Intersections"" figure and color-coded DESC model callout box.\n------******\n\n']"
38	0.85	Analyze/Critique	"['  \n   CONTENT IMPROVEMENTS:\n      1. Add 1-2 contemporary examples to show ongoing trafficking adaptations (Author responded they prefer maintaining historical focus but will add conceptual bridge about modern operations)\n      2. Expand moral implications analysis using Naef\'s ""narco-heritage"" framework (Author will enhance by connecting to cultural memory and institutionalization)\n      3. Make thesis more explicit in introduction (Author added clear paradigmatic case study framing)\n\n   LANGUAGE IMPROVEMENTS:\n      1. Replace vague verbs like ""show"" with ""demonstrate/manifest"" (Implemented throughout)\n      2. Standardize technical terms using style sheet (Created for ""institutionalized,"" ""paradigmatic case,"" etc.)\n      3. Reduce prepositional phrases by 15-20% for concision (Implemented with active voice conversions)\n\n   STRUCTURE IMPROVEMENTS:\n      1. Add enumerative structure to key analysis paragraphs (Added numbered lists for cultural impacts/operational mechanisms)\n      2. Strengthen conclusion with hybrid technical/accessible register (Balanced theoretical terms with policy-accessible language)\n      3. Ensure ""transnational"" scope appears consistently (Added to introduction and operational analysis)\n------******\n\n']"
39	0.75	Analyze/Critique	"['  \n   CONTENT IMPROVEMENTS:  \n      1. Strengthen the distinction between historical Islamic achievements and modern extremism. The author responded by adding a Cordoba example and footnote to clarify extremism as fringe.  \n      2. Expand on specific 11th-12th century scholarly contributions. The author incorporated medical text preservation in Cordoba but rejected further elaboration to maintain focus.  \n      3. Contextualize terrorism statistics more explicitly. The author added ""statistically negligible minority"" phrasing but preserved provocative contrast.  \n\n   LANGUAGE IMPROVEMENTS:  \n      1. Replace ""phenomenological break"" with simpler terms was rejected; the author added a parenthetical explanation instead.  \n      2. Tighten redundant phrasing in contrasts (e.g., ""And yet"" → ""Yet""). Implemented with compensatory word cuts.  \n      3. Improve parallel structure in conclusion (""demanding"" → ""that demands""). Accepted with offset edits.  \n\n   STRUCTURE IMPROVEMENTS:  \n      1. Sharper topic sentences for modern contrast paragraphs. Added Cordoba pivot phrase.  \n      2. Preserve intentional jarring transitions despite suggestions to smooth them. Defended as rhetorical strategy.  \n      3. Strengthen conclusion\'s thematic resolution. Added ""erasure/reclamation"" framing.  \n------******  \n\n']"
40	0.85	Analyze/Critique	"['  \n   CONTENT IMPROVEMENTS:\n      1. Strengthen cultural impact analysis with specific case studies (e.g., Netflix vs. JioTV) - Author responded they\'ll add brief comparisons while maintaining global focus.\n      2. Enhance paradox theme in conclusion by linking infrastructure limitations to cultural fragmentation - Author agreed to add: ""Future infrastructure equity could resolve this paradox.""\n      3. Clarify Noam\'s bundling theory implications for cultural homogenization - Author will add footnote referencing Noam\'s ""oligopolistic bottlenecks"" warning.\n\n   LANGUAGE IMPROVEMENTS:\n      1. Reduce passive voice except for systemic claims - Author committed to 62% reduction while preserving 3 key passive constructions.\n      2. Break up dense economic analysis paragraphs - Author demonstrated revision splitting one paragraph into three clearer statements.\n      3. Vary citation format (e.g., ""Held (2006) argues..."" vs. parenthetical) - Author will implement this for first citations in each section.\n\n   STRUCTURE IMPROVEMENTS:\n      1. Add transitional bridge after technical definitions - Author added: ""These technical advancements precipitated systemic media power shifts...""\n      2. Reframe cultural section as dialectic with subheading - Author created: ""Cultural Adaptation and Resistance in IPTV Ecosystems""\n      3. Sharpen thesis to preview paradox earlier - Revised to: ""...risk replicating pre-Internet geographic inequalities while enabling cultural resistance.""\n------******\n\n']"
41	0.85	Analyze/Critique	"['  \n   CONTENT IMPROVEMENTS:  \n      1. Strengthen the connection between research objectives and methodology by explicitly linking survey questions to each objective (Author responded by adding cross-validation design details).  \n      2. Enhance demographic specificity in sampling strategy (Author implemented stratified sampling by gender/education/geography with census-aligned percentages).  \n      3. Develop policy implications further in conclusion (Author added ""diagnostic prism"" framework for counter-radicalization strategies).  \n\n   LANGUAGE IMPROVEMENTS:  \n      1. Standardize acronym presentation (ISIS vs. Islamic State) - Author created consistent first-use resolution.  \n      2. Vary transitional phrases for better flow - Author introduced ""notably""/""significantly"" alternation.  \n      3. Address article omissions - Author added definite articles in 5 key locations.  \n\n   STRUCTURE IMPROVEMENTS:  \n      1. Reorganize methodology into clearer data collection → analysis → rationale sequence (Author implemented numbered subsections).  \n      2. Improve conclusion mirroring of introduction (Author added problem-solution arc with preliminary findings).  \n      3. Add visual hierarchy through formatting (Author introduced bold headers and bullet points for complex explanations).  \n------******  \n\n']"
42	0.75	Educate/Teach	"['  \n   CONTENT IMPROVEMENTS:  \n      1. Strengthen clinical scenario with specific medication details (e.g., diazepam\'s contraindications) to better illustrate RCA/FMEA applications. Author response: Added diazepam example showing protocol deviation while maintaining teachable simplicity.  \n      2. Enhance Change Theory application by linking to Lewin\'s model stages. Author response: Explicitly connected to unfreezing-changing-refreezing with nursing-specific examples.  \n      3. Clarify leadership competency integration without theoretical overload. Author response: Added practical examples like leading RCA interviews during orientation.  \n\n   LANGUAGE IMPROVEMENTS:  \n      1. Correct critical terminology (""sentinel event"", ""lives of patients""). Author response: Implemented all spelling/usage corrections globally.  \n      2. Apply parallel structure to listed items (FMEA steps, nursing roles). Author response: Standardized all bulleted/numbered lists with consistent verb forms.  \n      3. Improve conciseness in 3-5 key areas (e.g., ""optimize nurse staffing"" vs. original wording). Author response: Reduced verbosity by 12% while preserving clinical details.  \n\n   STRUCTURE IMPROVEMENTS:  \n      1. Revise heading hierarchy to reflect nursing process (Case Analysis→QI Process→Practice Implications). Author response: Created L1/L2 headings mirroring clinical workflow.  \n      2. Standardize FMEA presentation with explanatory subheadings. Author response: Used dual-format lists distinguishing prep steps from implementation.  \n      3. Strengthen conclusion with explicit methodology connection. Author response: Added transition framing RCA→FMEA→Change as replicable framework.  \n------******  \n\n']"
43	0.85	Educate/Teach	"['  \n   CONTENT IMPROVEMENTS:\n      1. Expand on modern Zulu identity - the author agrees to add current population statistics and language revival efforts in the conclusion, stating ""Will modify the conclusion to include current population statistics and 1-2 examples of maintained traditions.""\n      2. Add colonial impact context - the author negotiates adding ""one concise paragraph after the migration section noting key colonial interactions and cultural resilience.""\n      3. Deepen cultural specifics - the author proposes strengthening existing descriptions by ""expanding the religious rituals explanation with a specific example of utensil usage and adding 1-2 sentences about warrior attire.""\n\n   LANGUAGE IMPROVEMENTS:\n      1. Improve vague phrasing like ""parts of the representatives"" - the author accepts changing to ""modern Zulu communities maintain adapted traditions.""\n      2. Address tense consistency - the author agrees to use present tense for enduring traditions and past for historical events.\n      3. Enhance transitions between sections - the author implements bridges like ""These spiritual foundations supported a formidable military culture.""\n\n   STRUCTURE IMPROVEMENTS:\n      1. Sharpen thesis statement - the author revises to explicitly outline the essay\'s focus on ""religious practices, societal organization, and enduring legacy.""\n      2. Improve paragraph cohesion - the author adds transitional phrases between major sections.\n      3. Maintain modern discussion in conclusion - the author chooses to keep contemporary relevance in the final section for narrative flow, expanding the opening to emphasize continuity.\n------******\n\n']"
44	0.85	Analyze/Critique	"['  \n   CONTENT IMPROVEMENTS:  \n      1. Add focused close readings of key films (e.g., Sunset Boulevard, Get Out) to demonstrate societal impact more concretely. Author response: Agreed - will add Sunset Blvd/Social Network and Gold Rush/Nomadland comparisons while preserving historical scope.  \n      2. Narrow thematic focus to avoid superficial coverage of multiple topics. Author response: Prefers maintaining multi-theme approach but will sharpen transitions between economic/political/gender discussions.  \n      3. Incorporate more 21st century examples to strengthen contemporary relevance. Author response: Will add Get Out and Social Network in conclusion to bridge historical/modern analysis.  \n\n   LANGUAGE IMPROVEMENTS:  \n      1. Reduce overuse of military metaphors outside key transitions. Author response: Will reserve combat terminology for subsection openings/conclusion only.  \n      2. Replace generic verbs (""show,"" ""explore"") with analytical alternatives (""interrogate,"" ""excavate""). Author response: Adopted discipline-specific verb upgrades throughout.  \n      3. Eliminate redundant modifiers (""very,"" ""clearly"") for concision. Author response: Purged 7 unnecessary adverbs/adjectives.  \n\n   STRUCTURE IMPROVEMENTS:  \n      1. Add explicit transitions between sections, particularly before ""Themes."" Author response: Added bridge about films reflecting ideological shifts.  \n      2. Reorganize ""Themes"" into three subsections (Politics/Gender/Economics) with paired comparisons. Author response: Implemented this structure with old/new film analyses.  \n      3. Strengthen conclusion\'s callback to introduction\'s thesis. Author response: Bookended with ""cultural artifacts"" framing and Birth/Get Out references.  \n------******  \n\n']"
45	0.85	Analyze/Critique	"['  \n   CONTENT IMPROVEMENTS:  \n      1. Expand ethical/regulatory implications in Conclusion (Author response: Added paragraph using Healy & Palepu to frame governance trade-offs).  \n      2. Clarify study scope regarding industry/timeframe (Author response: Strengthened focus on universal executive incentives rather than industry comparisons).  \n      3. Address counterarguments briefly in Hypothesis section (Author response: Added single-sentence acknowledgment of non-conforming firms citing DeFond & Park).  \n\n   LANGUAGE IMPROVEMENTS:  \n      1. Tighten verbose phrasing (e.g., ""includes the factor of"" → ""encompasses"") (Author response: Reduced word count by 12% while preserving technical terms).  \n      2. Increase sentence variety in Hypothesis section (Author response: Added 2 simple sentences among complex ones for pacing).  \n      3. Strategic active voice conversion (Author response: Lowered passive voice to 18% in key assertions like ""Executives prioritize..."").  \n\n   STRUCTURE IMPROVEMENTS:  \n      1. Add broader context to Introduction (Author response: Inserted 19-word market relevance hook).  \n      2. Numbered formatting for Results methods (Author response: Added bolded ""(1) Real actions... (2) Accruals..."" for clarity).  \n      3. Restructured Conclusion with findings synthesis (Author response: Created 3-part pattern summary before limitations pivot).  \n------******  \n\n']"
46	0.85	Analyze/Critique	"['  \n   CONTENT IMPROVEMENTS:  \n      1. Add specific examples of communication gaps impacting patient care (Author response: Will incorporate Thomas\'s (2011) research on communication-related errors instead of anecdotes to maintain objectivity)  \n      2. Expand on generational adaptability challenges with MacPhee et al.\'s (2013) findings (Author response: Will add data showing 40% slower protocol adaptation in age-diverse teams)  \n      3. Specify feedback improvement methods using RNAO\'s (2016) structured model (Author response: Will contrast current ad-hoc feedback with recommended ""Situation-Behavior-Impact"" framework)  \n\n   LANGUAGE IMPROVEMENTS:  \n      1. Replace passive constructions with active voice where appropriate (Author response: Will use active for observations but retain passive for system-focused analysis)  \n      2. Tighten redundant phrases like ""mutual trust...awareness of roles"" (Author response: Will revise to ""role awareness fosters trust"")  \n      3. Implement tiered readability - simpler language for recommendations (Author response: Will create action-oriented bullet points for implementation steps)  \n\n   STRUCTURE IMPROVEMENTS:  \n      1. Add methodology parenthetical for transparency (Author response: Will include ""[Data from 4-week observation (N=37) and Q3 reports]"")  \n      2. Strengthen transitions between generational analysis and adaptability (Author response: Will add ""Crucially,..."" connector)  \n      3. Maintain brief format without subheadings for educational flow (Author response: Will preserve current structure as optimal for nursing students)  \n------******  \n\n']"
47	0.85	Analyze/Critique	"['  \n   CONTENT IMPROVEMENTS:\n      1. Add deeper comparison with competitors (UPS/FedEx) to highlight Airborne\'s strategic trade-offs. Author response: Will sharpen critique of trade-offs (e.g., cost savings vs. control) while maintaining focus on Airborne\'s unique adaptations.\n      2. Strengthen evidence for key claims with specific metrics where possible. Author response: Will clarify data limitations from Hill\'s case study while being transparent about unquantified impacts.\n      3. Consider integrating a theoretical framework (e.g., Child et al.\'s SME model) more explicitly. Author response: Will use Child et al.\'s model to frame policy flexibility as strategic adaptation.\n\n   LANGUAGE IMPROVEMENTS:\n      1. Revise complex sentences for clarity (e.g., ""Such elements may be inconsistent..."" → ""These factors frequently clash...""). Author response: Implemented active-voice revisions.\n      2. Ensure parallel structure in lists (e.g., ""systematic market entry and leveraged partnerships"" → ""strategic partnership leverage""). Author response: Adjusted for grammatical parallelism.\n      3. Replace wordy phrases with concise alternatives (e.g., ""It is crucial to question whether"" → ""This suggests""). Author response: Tightened phrasing throughout.\n\n   STRUCTURE IMPROVEMENTS:\n      1. Add transitional sentences between major sections. Author response: Added pivot sentence after International Operation section.\n      2. Optionally group related strategy challenges under subheadings. Author response: Kept two subsections but added overview sentence for cohesion.\n      3. Reinforce thesis more explicitly in Strategies section opener. Author response: Revised to link strategies back to international expansion thesis.\n------******\n\n']"
48	0.85	Educate/Teach	"['  \n   CONTENT IMPROVEMENTS:\n      1. Add 1-2 recent references about dementia caregiver stress (Author\'s response: Will add 2023 reference validating transactional model while maintaining classic citations)\n      2. Specify concrete coping strategies taught to family (Author\'s response: Will detail scheduled caregiver shifts, support groups, and medication charts while noting individualization needs)\n      3. Strengthen theory application with primary/secondary appraisal examples (Author\'s response: Will add clinical moment showing ""This is impossible"" → ""We can manage"" appraisal shift)\n\n   LANGUAGE IMPROVEMENTS:\n      1. Replace passive constructions with nursing action verbs (Author\'s response: Will use ""Assessed/Implemented/Evaluated"" with bold emphasis for teaching value)\n      2. Standardize theory name usage (Author\'s response: Will use ""Lazarus and Folkman\'s Stress and Coping Theory (SCT)"" throughout)\n      3. Tighten redundant phrases (Author\'s response: Will simplify while preserving clinical precision in key areas)\n\n   STRUCTURE IMPROVEMENTS:\n      1. Add brief theoretical framework section (Author\'s response: Will insert 60-word ""Nursing Theory Flash"" box after abstract)\n      2. Improve transitions with clinical reasoning signposts (Author\'s response: Will add ""Assessment Phase/Intervention Strategy"" headings in bold colors)\n      3. Strengthen conclusion\'s theory connection (Author\'s response: Will explicitly link outcomes to middle-range theory value in nursing)\n------******\n\n']"
49	0.75	Educate/Teach	"['  \n   CONTENT IMPROVEMENTS:\n      1. Strengthen the U.S. comparative analysis by adding focused contrasts (e.g., spatial segregation vs. redlining, redress mechanisms) while maintaining South Africa as the primary focus. [Author\'s response: Will add 3 strategic comparisons via footnotes/main text while keeping 80% focus on South Africa]\n      2. Clarify the central thesis to highlight apartheid\'s unique institutional legacy. [Author\'s response: Revised thesis to explicitly contrast de jure vs. de facto racism]\n      3. Update outdated statistics (e.g., 2004 election data) or add timeframe justification. [Author\'s response: Added limitations note about 1994-2010 focus]\n\n   LANGUAGE IMPROVEMENTS:\n      1. Divide overlong sentences (e.g., 48-word demographics passage). [Author\'s response: Split into two clearer statements]\n      2. Replace weak constructions (""It should be noted"") with direct phrasing. [Author\'s response: Changed to ""Critically,"" except retained one rhetorical ""It goes without saying""]\n      3. Add 3 key transitional phrases between major sections. [Author\'s response: Added exact suggested phrases]\n\n   STRUCTURE IMPROVEMENTS:\n      1. Add explicit thesis paragraph after introduction. [Author\'s response: Added standalone thesis contrasting legislated vs. systemic racism]\n      2. Improve topic transitions with signposting. [Author\'s response: Added 3 transitional sentences between politics/apartheid/culture sections]\n      3. Create synthesis section before conclusion. [Author\'s response: Added italicized lead-in comparing redress mechanisms]\n------******\n\n']"
