essay_id	score	feedback
0	0.75	"['  \n**CONTENT IMPROVEMENTS:**  \n- The introduction could be more engaging and clearly state the essay\'s purpose. A thesis statement would help guide the reader.  \n- Some claims (e.g., ""dolphins will have to wake up in order for them to breathe"") could be clarified or supported with additional explanation.  \n- The conclusion is missing; a summary of key findings and their implications would strengthen the essay.  \n\n**LANGUAGE IMPROVEMENTS:**  \n- Avoid repetitive phrasing (e.g., ""Lyamin et al."" appears frequently; vary sentence structure).  \n- Some sentences are overly complex or awkward (e.g., ""This is due to the fact that different studies...""). Simplify for clarity.  \n- Minor grammatical errors (e.g., ""Lymin"" vs. ""Lyamin"" inconsistency in citations).  \n\n**STRUCTURE IMPROVEMENTS:**  \n- The essay jumps between topics (e.g., unihemispheric sleep, respiration, echolocation) without smooth transitions. Group related ideas together.  \n- Paragraphs could be more focused—each should center on one main idea.  \n- Add headings or subheadings to improve readability (e.g., ""Unihemispheric Sleep,"" ""Respiratory Adaptations"").  \n']"
1	0.75	"['  \n**CONTENT IMPROVEMENTS:**  \n- The essay focuses primarily on cost comparisons but misses opportunities to analyze the broader implications of these pricing structures (e.g., affordability for travelers, competitive advantages).  \n- The discussion on WhatsApp\'s limitations in Japan is useful but could be expanded with specific examples of local alternatives and their comparative advantages.  \n- References are minimal and lack proper citations (e.g., no URLs or publication details for web sources). Including more authoritative sources would strengthen credibility.  \n\n**LANGUAGE IMPROVEMENTS:**  \n- Some sentences are awkwardly phrased (e.g., ""where is $2.05 per MB"" → ""which costs $2.05 per MB"").  \n- Redundancies occur (e.g., ""in the case of"" is overused; simplify to ""For alternatives..."" or ""Regarding alternatives..."").  \n- Tone is occasionally informal (e.g., ""thrice less costly"" → ""significantly cheaper""). Aim for consistent academic phrasing.  \n\n**STRUCTURE IMPROVEMENTS:**  \n- The table is helpful but should be introduced more clearly (e.g., ""As shown in Table 1, AT&T\'s pricing varies by country..."").  \n- The ""Alternatives"" section could be split into sub-sections (e.g., ""Messaging Apps"" and ""Roaming Options"") for better flow.  \n- The conclusion repeats details without synthesizing new insights. End with a stronger takeaway (e.g., recommendations for travelers or AT&T\'s market positioning).  \n']"
2	0.75	"['  \n**CONTENT IMPROVEMENTS:**  \n- The essay lists features and benefits well but lacks critical analysis or real-world examples to strengthen its claims. For instance, instead of just stating that Playposit is ""effective,"" include a case study or measurable outcome (e.g., ""A 2023 study showed a 30% increase in client engagement when using Playposit"").  \n- Some sections (e.g., QR Code Generator) are too brief and would benefit from more detail on practical applications (e.g., how travel agencies specifically use QR codes in brochures or ads).  \n- The conclusion is repetitive; condense the key takeaways and avoid rehashing points already made.  \n\n**LANGUAGE IMPROVEMENTS:**  \n- Grammar/Clarity: Fix errors like ""allows to create"" (→ ""allows users to create"") and ""It is important realize"" (→ ""It is important to realize"").  \n- Word Choice: Replace vague phrases like ""a variety of"" with specifics (e.g., ""six question types"" instead of ""various types"").  \n- Tone: Some sentences sound informal (e.g., ""After an experience with Prezi, it is difficult to imagine presentations differently""). Use more professional phrasing (e.g., ""Prezi’s dynamic format offers a significant upgrade over static slide presentations"").  \n\n**STRUCTURE IMPROVEMENTS:**  \n- Transitions: Add bridging sentences between sections (e.g., ""While Playposit excels in video engagement, Google Forms offers a streamlined way to gather data"").  \n- Bullet Points: Avoid overusing them; some lists (e.g., Playposit’s ""Features"") could be merged into prose for smoother reading.  \n- Flow: Reorder sections for logic—e.g., discuss ""Features"" before ""Benefits"" for each tool to build a clearer argument.  \n- Headings: Use subheadings (e.g., ""Tool 1: Playposit"") to improve navigation.  \n\n']"
3	0.75	"['  \n**CONTENT IMPROVEMENTS:**  \n- The introduction is informative but could better define the scope of the essay (e.g., focusing on a specific type of offender or comparing electronic monitoring to other sanctions).  \n- The benefits and drawbacks are listed but not thoroughly analyzed. For instance, how much cost savings does electronic monitoring provide compared to incarceration? Are there statistical or case-study examples to support claims?  \n- The personal opinion (""I believe"") is a good touch but should be supported with stronger evidence or reasoning.  \n- The reference to technology not always leading to better outcomes is vague—elaborate on specific failures or limitations of monitoring systems.  \n\n**LANGUAGE IMPROVEMENTS:**  \n- Avoid repetitive phrasing (e.g., ""sanction"" is overused; vary with terms like ""measure,"" ""program,"" or ""system"").  \n- Some sentences are awkwardly structured (e.g., ""Technology plays the central part in supervising drunk drivers, as electronic monitoring would be impossible without GPS and SCRAM technologies""). Simplify for clarity: ""GPS and SCRAM technologies are essential for monitoring drunk drivers.""  \n- Use more precise language (e.g., ""controversial situations"" could be ""ethical dilemmas"" or ""practical challenges"").  \n- Proofread for minor errors (e.g., ""Electronic Monitorin Report"" in the title).  \n\n**STRUCTURE IMPROVEMENTS:**  \n- The essay jumps abruptly from benefits to drawbacks without transitions. Use topic sentences to guide the reader (e.g., ""Despite its advantages, electronic monitoring poses challenges..."").  \n- The conclusion is missing. Summarize key points and restate the thesis (e.g., ""While electronic monitoring offers a cost-effective and less restrictive alternative to incarceration, its implementation requires careful oversight to address logistical and ethical concerns."").  \n- Break long paragraphs into smaller ones for readability (e.g., separate the discussion of benefits vs. drawbacks).  \n- The references section is correctly formatted but could be expanded to include more sources for credibility.  \n']"
4	0.75	"['  \n**CONTENT IMPROVEMENTS:**  \n- The essay relies heavily on generalizations (e.g., ""females suffer a great extent of physiological destruction earlier"") without sufficient supporting data. Include more specific statistics or studies to strengthen claims.  \n- The discussion on trauma and addiction is underdeveloped. Expand on how trauma uniquely affects women and its implications for treatment.  \n- The conclusion is abrupt. Summarize key points and propose actionable recommendations (e.g., policy changes, further research) to leave a stronger impact.  \n\n**LANGUAGE IMPROVEMENTS:**  \n- Avoid repetitive phrasing (e.g., ""when judged against"" appears twice; replace with ""compared to"").  \n- Some sentences are awkwardly worded (e.g., ""Females who have drug addiction problems could thus be deemed suffering from a double tragedy""). Revise for clarity: ""Women with addiction face a double stigma—gender bias and societal judgment.""  \n- Replace informal terms like ""marihuana"" with standard ""marijuana.""  \n\n**STRUCTURE IMPROVEMENTS:**  \n- The introduction lacks a clear thesis. State the purpose upfront (e.g., ""This paper examines how gender influences addiction rates, treatment barriers, and recovery outcomes"").  \n- Group related ideas into distinct sections (e.g., ""Gender Disparities in Addiction Rates,"" ""Treatment Barriers for Women,"" ""Trauma-Informed Care""). Use subheadings for clarity.  \n- The transition between paragraphs is weak. Add linking phrases (e.g., ""Furthermore,"" ""Conversely"") to improve flow.  \n']"
5	0.65	"['  \n**CONTENT IMPROVEMENTS:**  \n- The introduction defines key terms (race, ethnicity, majority/minority) but could benefit from a clearer thesis statement outlining the essay\'s central argument.  \n- The discussion of theories (functionalist, conflict, amalgamation, etc.) is informative but overly descriptive. A stronger analysis of how these theories apply to real-world examples would improve depth.  \n- The bibliography is incomplete (e.g., ""Farley, 20007"" is likely a typo; some citations lack page numbers). Ensure all sources are correctly formatted and cited.  \n- Include more contemporary examples or case studies to illustrate theoretical points (e.g., recent racial tensions in the U.S. or Europe).  \n\n**LANGUAGE IMPROVEMENTS:**  \n- Fix grammatical errors (e.g., ""Deeply rooted"" should not be capitalized; ""Durkheim"" is misspelled as ""Durkkgeims""; ""Farley, 20007"").  \n- Improve sentence clarity: ""The interaction with one another between the ethnic and a group varies"" is awkwardly phrased. Reword for precision.  \n- Avoid repetitive phrasing (e.g., ""dominant group"" is overused; vary terminology).  \n- Use active voice: ""The dominant group controls resources"" instead of ""Resources are controlled by the dominant group.""  \n\n**STRUCTURE IMPROVEMENTS:**  \n- The transition from the introduction to the ""Theories"" section is abrupt. Add a bridging paragraph to connect these sections.  \n- Subheadings (e.g., ""Functionalist theory"") are helpful, but each theory’s explanation could be better organized with topic sentences and concluding remarks.  \n- The conclusion is missing. Summarize key points and restate the essay’s significance.  \n- Ensure consistent formatting (e.g., italics for book titles, proper indentation for citations).  \n\n']"
6	0.75	"['  \n**CONTENT IMPROVEMENTS:**  \n- The introduction could better frame the scope and significance of the issue. While it mentions controversy and economic consequences, it doesn’t clearly state the paper’s specific focus (e.g., balancing economic benefits vs. social costs).  \n- The hypothesis is introduced late and could be more prominently placed in the introduction to guide the reader.  \n- The literature review is thorough but could better synthesize sources to highlight gaps or conflicts in existing research.  \n- The analysis of social benefits and diversity issues is somewhat superficial—more detailed examples or data would strengthen these sections.  \n- The conclusion effectively summarizes findings but could better tie back to the thesis and propose actionable policy recommendations.  \n\n**LANGUAGE IMPROVEMENTS:**  \n- Avoid vague phrasing like ""as a rule"" (Introduction) or ""nearly gargantuan"" (Analysis section)—opt for precise terms (e.g., ""typically,"" ""substantial"").  \n- Some sentences are overly complex or wordy (e.g., ""the fact that the unemployment rates in Canada have not been increased by a rapid influx of immigrants is a major justification...""). Simplify for clarity.  \n- Minor grammatical errors (e.g., ""entrepreneurships thrives"" → ""entrepreneurships thrive""; ""the workforce that legal and even illegal immigrants, the latter often being viewed as infiltrators, make is not to be underestimated"" → rewrite for conciseness).  \n- Replace passive voice where active would be stronger (e.g., ""the surveys will be distributed"" → ""we will distribute the surveys"").  \n\n**STRUCTURE IMPROVEMENTS:**  \n- The transition between sections (e.g., from methodology to results) is abrupt. Use topic sentences to link ideas.  \n- The methodology section could be more concise—details about survey design could be streamlined or moved to an appendix.  \n- The ""Analysis of the Problem"" section could be subdivided with subheadings (e.g., ""Economic Benefits,"" ""Social Costs"") for better flow.  \n- The reference list is properly formatted but could be alphabetized more carefully (e.g., ""Blooemraad"" appears after ""Banting"").  \n']"
7	0.75	"['  \n**CONTENT IMPROVEMENTS:**  \n- The summary of the article is thorough but overly descriptive. More critical analysis of the research methods, findings, and implications would strengthen the essay. For example, the limitations of the survey tool could be explored in greater depth, discussing how they might impact the validity of the results.  \n- The ""Scholarly Contribution"" section could better highlight how this study fills gaps in existing literature. Instead of just stating that it builds on prior research, specify what unique insights it offers.  \n- The conclusion could synthesize the findings more effectively, connecting them back to the broader implications for workplace security and education.  \n\n**LANGUAGE IMPROVEMENTS:**  \n- Some sentences are repetitive (e.g., ""The authors provided evidence..."" appears multiple times). Vary phrasing for better flow.  \n- Avoid passive constructions like ""is made visible"" → ""becomes evident"" or ""the authors demonstrate.""  \n- Clarify vague phrasing: e.g., ""the variables are justified"" could be ""the authors justify the variables by explaining their relevance to mobile security risks.""  \n\n**STRUCTURE IMPROVEMENTS:**  \n- The ""Problem Statement"" and ""Scholarly Contribution"" sections overlap. Consider merging them or refining their distinct purposes.  \n- The ""Research Design"" section could be reorganized to separate methodology (survey design) from results (ordinal regression findings) for clarity.  \n- Add subheadings under ""Concluding Remarks"" to distinguish limitations, findings, and recommendations.  \n- The ""Work Cited"" should follow a consistent citation style (e.g., APA or MLA) and include a hanging indent if required.  \n']"
8	0.75	"['  \n**CONTENT IMPROVEMENTS:**  \n- The abstract introduces the topic well but could better clarify the distinction between ""Warped"" and ""Cerner"" systems, as the latter is mentioned but not explored in the findings.  \n- The limitations section is thorough but repetitive (e.g., ""insufficient sample"" and ""only one clinic"" could be merged for conciseness).  \n- Recommendations are practical but overly generic; specifying actionable steps (e.g., ""survey 100+ respondents across 5 clinics"") would strengthen the proposal.  \n- The essay would benefit from citing specific studies or statistics to support claims about EMR effectiveness in dentistry.  \n\n**LANGUAGE IMPROVEMENTS:**  \n- Grammar/typos: ""tWarped eed program"" (Recommendations) and ""qualitatively qualitatively quantitativeive"" are unclear; proofreading is needed.  \n- Wordiness: Phrases like ""This feature prevents understanding of the correlation of acceptance"" could be simplified (""This limits analysis of age/gender correlations"").  \n- Inconsistent terminology: Alternate use of ""Electronic Medical Records"" (title) and ""Electronic Health Records"" (abstract) should be standardized.  \n- Awkward phrasing: ""increase their effectiveness in dental practice"" → ""enhance their utility in dental practice.""  \n\n**STRUCTURE IMPROVEMENTS:**  \n- The abstract could briefly summarize key findings (e.g., ""80% of respondents cited interface complexity"") to hook the reader.  \n- The limitations and recommendations sections overlap; combining them under ""Future Research"" would improve flow.  \n- Subheadings (e.g., **Methodology**, **Findings**) would help organize the content more logically.  \n- The conclusion is missing; a brief summary of implications for dental practice would provide closure.  \n']"
9	0.75	"['  \n**CONTENT IMPROVEMENTS:**  \n- The essay covers key ethical concerns but would benefit from deeper critical analysis. For instance, it could explore counterarguments (e.g., societal benefits of genetic testing) to provide a more balanced perspective.  \n- Some claims (e.g., ""Christians adamantly condemn genetic testing"") are overly generalized and should be supported with specific religious or philosophical sources.  \n- The citations are inconsistently integrated; some references (e.g., Moore 1996) lack context or connection to the argument.  \n\n**LANGUAGE IMPROVEMENTS:**  \n- Grammar and syntax issues detract from clarity (e.g., ""This is because the physician must be certain of the disease so that he or she can offer the correct curative measure"" could be simplified to ""Physicians require diagnostic certainty to prescribe effective treatments"").  \n- Repetitive phrasing (e.g., ""genetic testing"" is overused; vary with synonyms like ""DNA screening"" or ""genomic analysis"").  \n- Awkward constructions (e.g., ""Ethically, for predictive genetic testing to be done to anyone"" → ""Ethically, predictive testing requires"").  \n\n**STRUCTURE IMPROVEMENTS:**  \n- The introduction lacks a clear thesis statement. A stronger opening should outline the essay’s focus (e.g., ""This paper examines ethical dilemmas in genetic testing, focusing on consent, privacy, and societal implications"").  \n- Paragraphs occasionally jump between ideas (e.g., diagnostic vs. predictive testing, then abruptly to religious views). Group related points (e.g., consent issues in one section, societal impacts in another).  \n- The conclusion is abrupt. Summarize key arguments and propose solutions (e.g., stricter regulations, public education) to end cohesively.  \n']"
10	0.75	"['  \n**CONTENT IMPROVEMENTS:**  \n- The summary of the article is clear but overly descriptive. A deeper critical analysis of the research methods (e.g., limitations of multinomial logistic regression) would strengthen the review.  \n- The suggestion to include qualitative methods is valid but underdeveloped. Explain *how* qualitative data (e.g., interviews) would complement the findings, not just that they ""capture emotions.""  \n- The connection to social work practice is mentioned but vague. Specify *how* the findings directly inform EBP (e.g., types of interventions or policy changes).  \n\n**LANGUAGE IMPROVEMENTS:**  \n- Avoid repetitive phrasing (e.g., ""Most fundamentally,"" ""Most critically""). Vary transitions (e.g., ""Furthermore,"" ""Notably"").  \n- Replace passive voice with active where possible (e.g., ""Researchers have ensured accuracy"" → ""The researchers ensured accuracy"").  \n- Clarify ambiguous terms: ""moral intelligence"" is undefined; ""digital surveys"" could be ""online surveys"" for precision.  \n\n**STRUCTURE IMPROVEMENTS:**  \n- The introduction lacks a clear thesis. State the purpose of the review upfront (e.g., to evaluate the article’s methodology and implications).  \n- Paragraphs are somewhat disjointed. Use topic sentences to link ideas (e.g., connect ""cultural sensitivity"" to the broader discussion of methodology).  \n- The conclusion is abrupt. Summarize key takeaways and reiterate the critique of the article’s approach.  \n']"
11	0.75	['  \n**CONTENT IMPROVEMENTS:**  \n- The argument is thought-provoking but would benefit from more concrete evidence (e.g., statistics, case studies) to support claims about discrimination and vaccine accessibility.  \n- The counterarguments are briefly mentioned but not thoroughly addressed. Expanding on opposing views (e.g., public health benefits of vaccine certificates) would strengthen the essay’s balance.  \n- Clarify the distinction between voluntary refusal and involuntary lack of access to vaccines, as these groups face different ethical and practical challenges.  \n\n**LANGUAGE IMPROVEMENTS:**  \n- Avoid vague phrasing like “roughly speaking” or “not hard to agree with”; replace with more precise language (e.g., “empirical data suggests” or “this is evident in”).  \n- Correct grammatical errors (e.g., “Clare Wenham, in his reasoning” should be “in her reasoning” if the author is female).  \n- Replace repetitive terms (e.g., “social threat” appears twice in the conclusion) with synonyms or rephrased ideas.  \n\n**STRUCTURE IMPROVEMENTS:**  \n- The introduction could more clearly state the thesis (e.g., “This essay argues that vaccine certificates perpetuate inequality by…”).  \n- Group related ideas into distinct paragraphs (e.g., separate the discussion of vaccine access from the ethics of voluntary refusal).  \n- The conclusion should summarize key points more succinctly and avoid introducing new ideas (e.g., the last sentence feels abrupt).  \n']
12	0.75	"['  \n**CONTENT IMPROVEMENTS:**  \n- The introduction sets a broad context but could better define the scope of the paper (e.g., focusing on specific industries or regions).  \n- The literature review is well-sourced but overly descriptive; a critical analysis of the cited studies would strengthen the argument.  \n- Findings are somewhat repetitive with the literature review; distinguishing new insights from prior research would improve clarity.  \n- The conclusion summarizes key points but does not synthesize them into a compelling takeaway. Future research recommendations are useful but could be more specific (e.g., proposing methodologies).  \n\n**LANGUAGE IMPROVEMENTS:**  \n- Avoid redundant phrases (e.g., ""lethal, combustible, corrosive, and reactive properties that may be considered detrimental"" → ""toxic, flammable, corrosive, or reactive properties"").  \n- Clarify ambiguous statements (e.g., ""Some wastes are eco-friendly"" contradicts the topic; specify which wastes are non-hazardous).  \n- Fix minor grammatical errors (e.g., ""correctively management"" → ""correctly managed"").  \n- Replace passive voice with active where possible (e.g., ""The implication is that the natural environment becomes unsustainable"" → ""This irreversibly degrades the environment"").  \n\n**STRUCTURE IMPROVEMENTS:**  \n- The ""Findings"" section overlaps with the literature review; merge or clearly differentiate them.  \n- Subheadings within sections (e.g., under ""Literature Review"") would improve readability.  \n- The ""Summary of Future Research Recommendations"" could be integrated into the conclusion for brevity.  \n- Ensure consistent citation format (e.g., ""World Bank (2013)"" vs. ""Massawe et al. (2014)"").  \n']"
13	0.75	"['  \n**CONTENT IMPROVEMENTS:**  \n- **Originality & Critical Analysis:** The essay heavily relies on external sources (e.g., Vitasek, Malarvannan) without synthesizing or critically evaluating their arguments. Strengthen the analysis by offering unique insights or contrasting perspectives on outsourcing challenges (e.g., ethical concerns, long-term risks).  \n- **Examples & Evidence:** Include concrete examples of successful/failed outsourcing contracts to illustrate points (e.g., a case study of an IT outsourcing project).  \n- **Employee Impact:** Expand on the human element (e.g., morale, retraining) rather than briefly mentioning displacement. Discuss solutions like redeployment or upskilling programs.  \n\n**LANGUAGE IMPROVEMENTS:**  \n- **Clarity & Conciseness:** Avoid redundant phrases (e.g., ""When developing a contract"" is repeated excessively). Use active voice: ""The contract should address termination"" → ""Parties must outline termination terms.""  \n- **Grammar & Syntax:** Fix minor errors (e.g., ""consider analyze"" → ""consider and analyze""; ""The outsource buyer and provider can work hand in hand"" → ""The buyer and provider can collaborate"").  \n- **Academic Tone:** Replace informal phrasing (e.g., ""what is more is that"" → ""furthermore""; ""make note of"" → ""document"").  \n\n**STRUCTURE IMPROVEMENTS:**  \n- **Flow & Transitions:** Improve section transitions (e.g., ""Elements considered when developing a contract"" abruptly follows the introduction). Add subheadings like ""Negotiation Strategies"" or ""Risk Mitigation"" for better navigation.  \n- **Executive Summary:** Condense and focus on key takeaways (currently too detailed). Move some details (e.g., ""employee displacement"") to the main body.  \n- **Conclusion & Recommendations:** Merge repetitive points (e.g., ""win-win situation"" is mentioned 4+ times). Prioritize actionable recommendations (e.g., ""Include arbitration clauses for disputes"").  \n- **Reference List:** Format consistently (e.g., ensure all URLs or page numbers follow the same style).  \n\n']"
14	0.75	"['  \n**CONTENT IMPROVEMENTS:**  \n- The introduction sets a broad context but could be more focused on the hand specifically rather than general body functions.  \n- Some sections, like ""Sensory Stimulus Pathways,"" are informative but overly technical without sufficient explanation for a general audience.  \n- The conclusion is abrupt and could better synthesize key findings or implications of the research.  \n- More critical analysis or real-world applications (e.g., medical implications of stroke) would strengthen the content.  \n\n**LANGUAGE IMPROVEMENTS:**  \n- Avoid repetitive phrasing (e.g., ""the muscles which form part of the hand"" appears multiple times).  \n- Replace passive constructions (""are regarded as"") with active voice (""scientists regard"").  \n- Clarify jargon (e.g., ""anodes,"" ""conduits"") or provide definitions.  \n- Some sentences are awkwardly worded (e.g., ""It is the root plexus that surrounds the follicle base that senses any interference""). Revise for fluency.  \n\n**STRUCTURE IMPROVEMENTS:**  \n- The transition between sections (e.g., from muscles to sensory pathways) is abrupt. Use topic sentences or bridging phrases.  \n- Subsections (e.g., ""Types of Muscles"") could be better organized under clearer headings (e.g., ""Hand Muscles"" vs. ""Elbow Muscles"").  \n- The ""Stroke"" section feels disconnected from the rest; integrate it earlier or expand its relevance to hand anatomy.  \n- References are properly cited but could be streamlined (e.g., some citations interrupt flow; consider footnotes or parenthetical notes).  \n']"
15	0.75	"['  \n**CONTENT IMPROVEMENTS:**  \n- The abstract is too brief and could better summarize the paper’s key findings and scope.  \n- Some sections (e.g., ""Developmental Theories"") feel tangential to the main focus on PTSD treatment. Tightening the focus on PTSD-specific theories and evidence would strengthen the paper.  \n- More recent studies (post-2010) should be included to ensure the research is up-to-date.  \n- The conclusion is abrupt; it should synthesize key points and reiterate the thesis.  \n\n**LANGUAGE IMPROVEMENTS:**  \n- Avoid repetitive phrasing (e.g., ""research has shown"" appears multiple times).  \n- Correct grammatical errors (e.g., ""only a eventually few develop PTSD"" → ""only a small percentage eventually develop PTSD"").  \n- Use more precise language (e.g., ""therapists facilitate the process of healing"" → ""therapists guide patients through healing"").  \n- Replace passive voice with active voice for clarity (e.g., ""it has been noted"" → ""studies demonstrate"").  \n\n**STRUCTURE IMPROVEMENTS:**  \n- The transition between sections is abrupt. Use topic sentences to link ideas (e.g., ""While behavioral theories focus on conditioning, cognitive theories emphasize thought patterns"").  \n- The ""Treatment and Disorders"" section is overly broad; subheadings (e.g., ""Behavioral Therapies,"" ""Cognitive Therapies"") would improve readability.  \n- The references section is incomplete and inconsistently formatted (e.g., missing authors, inconsistent punctuation). Follow APA/MLA guidelines strictly.  \n- The paper would benefit from a clearer introduction outlining the structure and a stronger conclusion summarizing findings.  \n']"
16	0.75	"['  \n**CONTENT IMPROVEMENTS:**  \n- The market size estimation (40-45 billion) lacks concrete sources or methodology—citing specific studies or surveys would strengthen credibility.  \n- The profitability projection (1,000 clients at $500 each) seems optimistic but lacks justification. Including a breakdown of client acquisition strategies (e.g., marketing channels, conversion rates) would add realism.  \n- The intrapreneurship strategy is explained but could delve deeper into potential challenges (e.g., resistance from parent company, resource allocation).  \n- References are appropriately cited but could be more varied (e.g., recent industry reports, case studies).  \n\n**LANGUAGE IMPROVEMENTS:**  \n- Avoid repetitive phrases (e.g., ""as a result"" appears twice in the Business Description section).  \n- Replace vague terms like ""quite large"" with precise descriptors (e.g., ""substantial"" or ""estimated at 40 billion"").  \n- Fix minor errors: ""Are Kip It simple Approach (KISS)"" should be ""The Keep It Simple Approach (KISS).""  \n- Use active voice for clarity (e.g., ""The team must fulfil requirements"" → ""The team must meet requirements"").  \n\n**STRUCTURE IMPROVEMENTS:**  \n- The Executive Summary is overly detailed; condense it to 3-4 key points. Move some details (e.g., market size methodology) to later sections.  \n- Combine redundant sections (e.g., ""Market Size"" and ""Total Sales Value"" overlap).  \n- Add subheadings under ""Personnel Requirement"" (e.g., ""Roles,"" ""Qualifications"") for readability.  \n- The ""Venture Cost"" table is useful but should include a timeline (e.g., monthly projections) for better financial planning context.  \n- The conclusion abruptly ends—summarize key takeaways (e.g., scalability, competitive edge) more emphatically.  \n']"
17	0.75	"['  \n**CONTENT IMPROVEMENTS:**  \n- The essay needs more original analysis rather than summarizing existing literature. For example, it could include case studies or real-world examples of companies benefiting (or failing) from ERP implementation.  \n- Some claims, such as ""ERP systems help businesses to manage diversity,"" are vague and unsupported by specific evidence. More concrete examples or data would strengthen the argument.  \n- The conclusion repeats points from earlier sections without synthesizing new insights. A stronger conclusion should summarize key findings and suggest future research directions.  \n\n**LANGUAGE IMPROVEMENTS:**  \n- Some sentences are awkwardly phrased (e.g., ""donated"" instead of ""offered"" in the introduction). Proofreading for clarity and precision is needed.  \n- Redundant phrasing occurs in places (e.g., ""seamless and robust system"" could be streamlined to ""seamless system"").  \n- Avoid passive voice where active voice would be clearer (e.g., ""Many firms have argued that ERP systems have provided..."" could be ""Firms argue that ERP systems provide..."").  \n\n**STRUCTURE IMPROVEMENTS:**  \n- The headings are inconsistent in style (e.g., ""The linkage between Global businesses"" lacks parallel structure). Standardize headings (e.g., ""The Link Between Global Businesses"").  \n- The ""Discussion"" section overlaps with later subsections, creating repetition. Consolidate or reorganize to improve flow.  \n- The introduction could better outline the paper’s structure and thesis. Currently, it jumps between definitions and broad claims without a clear roadmap.  \n']"
18	0.75	"['  \n**CONTENT IMPROVEMENTS:**  \n- The analysis of the campaign’s effectiveness is somewhat superficial. Expand on why the campaign might be considered offensive or disturbing (e.g., specific examples of overlooked hygiene issues).  \n- Include more concrete evidence or data to support claims about the campaign’s potential success (e.g., statistics on job market trends or audience reception).  \n- Clarify the connection between the campaign’s strategy and its intended outcomes—how exactly does ""reflection advertising"" lead to satisfaction?  \n- The conclusion could better summarize key takeaways or suggest future implications of the campaign’s approach.  \n\n**LANGUAGE IMPROVEMENTS:**  \n- Avoid repetitive phrasing (e.g., ""For that reason"" appears twice in close succession).  \n- Correct grammatical errors: ""the consumer to determine"" → ""consumers to determine""; ""it would quite obvious"" → ""it would be quite obvious.""  \n- Replace vague language (e.g., ""some may find the ad offensive"") with more precise wording (e.g., ""some audiences may perceive the ad as insensitive due to its portrayal of low-wage jobs"").  \n- Use stronger transitions between paragraphs (e.g., ""Furthermore,"" ""In contrast"") to improve flow.  \n\n**STRUCTURE IMPROVEMENTS:**  \n- The essay jumps between topics (e.g., objectives to strategy back to effectiveness). Group related ideas together: merge paragraphs about the campaign’s goals and strategy, then dedicate a separate section to effectiveness.  \n- The introduction could better hook the reader—consider starting with a striking statistic or quote from the campaign.  \n- Break up long paragraphs (e.g., the ""objectives"" section) for readability.  \n- Add subheadings (e.g., ""Target Audience,"" ""Effectiveness"") to guide the reader.  \n']"
19	0.7	"['  \n**CONTENT IMPROVEMENTS:**  \n- **Clarify the context:** The essay mentions ""three countries"" but never specifies which ones. Naming them would strengthen the analysis.  \n- **Deeper stakeholder analysis:** The roles and interests of stakeholders (e.g., businesses, civil society) are outlined but not explored in detail. For example, how exactly do industrial groups resist environmental policies? What are their specific concerns?  \n- **Evidence and examples:** The 1987 agreement is referenced, but no details are provided. Adding specifics (e.g., terms of the agreement, why it failed) would bolster the argument.  \n- **Solution feasibility:** The proposed intergovernmental agency is a good idea, but how would it overcome past coordination failures? A brief discussion of challenges (e.g., sovereignty concerns, funding) would add realism.  \n\n**LANGUAGE IMPROVEMENTS:**  \n- **Grammar and syntax:** Fix errors like ""interested on the issue"" (should be ""interested in the issue"") and ""the local government bodies the industrial"" (missing commas).  \n- **Word choice:** Replace vague phrases like ""ways should be found"" with stronger language (e.g., ""Policymakers must identify strategies"").  \n- **Repetition:** The introduction and executive summary are nearly identical. Reword one to avoid redundancy.  \n- **Tone:** Some sentences sound informal (e.g., ""what is going to come""). Use more academic phrasing (e.g., ""forthcoming policies"").  \n\n**STRUCTURE IMPROVEMENTS:**  \n- **Executive summary:** Should succinctly summarize the entire essay, not just repeat the introduction. Include key findings and recommendations.  \n- **Headings and flow:** The ""Stakeholder and governance analysis"" section is overly long. Break it into sub-sections (e.g., ""Challenges,"" ""Proposed Solutions"").  \n- **Conclusion:** Expand beyond the intergovernmental commission. Recap the main points and emphasize the broader implications (e.g., long-term environmental benefits).  \n- **Transitions:** Add connecting phrases between sections (e.g., ""Having examined the stakeholders, we now turn to governance mechanisms"").  \n\n']"
20	0.65	"['  \n**CONTENT IMPROVEMENTS:**  \n- **Depth & Analysis:** The essay lists many developments (e.g., pottery, writing, dynasties) but does not explain their significance or connections. For example, how did Confucianism shape governance? Why was the Great Wall built? Add analytical depth by exploring causes, effects, and cultural impacts.  \n- **Thesis Clarity:** The introduction lacks a clear thesis. Specify the essay’s focus (e.g., ""This essay examines how technological and artistic innovations shaped China’s cultural identity before 1400 CE"").  \n- **Source Integration:** Sources are cited but not critically engaged. Instead of summarizing Townsend or Boeree, analyze their claims or compare perspectives.  \n- **Chronological Flow:** The timeline jumps abruptly (e.g., Neolithic to Shang dynasty). Reorganize sections to follow a clearer progression (e.g., ""Early Societies → Bronze Age → Imperial Unification"").  \n\n**LANGUAGE IMPROVEMENTS:**  \n- **Clarity & Conciseness:** Avoid vague phrasing (e.g., ""the kind of political practice"" → ""feudal dynastic rule""). Sentences like ""The Chinese history up to the 15th century shows..."" are redundant; tighten to ""By 1400 CE, China led in technological and cultural advancements.""  \n- **Grammar/Word Choice:** Fix errors like ""the people were under dynasties"" (→ ""ruled by dynasties"") and ""the use of novels"" (→ ""the emergence of novels"").  \n- **Academic Tone:** Replace informal phrasing (e.g., ""Indeed, the first book was printed..."" → ""Notably, woodblock printing emerged..."").  \n\n**STRUCTURE IMPROVEMENTS:**  \n- **Paragraph Unity:** Many paragraphs mix unrelated ideas (e.g., discussing pottery, then abruptly shifting to ancestor worship). Dedicate each paragraph to one theme (e.g., ""Artistic Innovations,"" ""Religious Beliefs"").  \n- **Transitions:** Use signposting (e.g., ""Following the Neolithic era, the Bronze Age introduced..."") to guide readers.  \n- **Conclusion:** The current conclusion merely restates points. Synthesize key insights (e.g., ""China’s cultural achievements before 1400 CE laid foundations for global exchange, blending art, technology, and philosophy uniquely"").  \n- **Works Cited:** Format consistently (e.g., capitalize ""Daojing,"" include full URLs for web sources).  \n\n']"
21	0.75	"['  \n**CONTENT IMPROVEMENTS:**  \n- The analysis of claims is solid but could be expanded with examples or hypothetical figures to illustrate the impact of non-compliance with ASPE.  \n- The discussion on discontinuing desert and ice wines needs more data-driven justification (e.g., profit margins, market trends) to strengthen the recommendation.  \n- The tax rate section is underdeveloped; clarify how deferred taxes should be handled under ASPE with specific journal entries or calculations.  \n- Include a brief conclusion summarizing key recommendations to tie the analysis together.  \n\n**LANGUAGE IMPROVEMENTS:**  \n- Avoid redundancy (e.g., ""the most the most profitable"" → ""the most profitable"").  \n- Use active voice for clarity (e.g., ""The company should price the machinery..."" instead of ""The machinery should be priced..."").  \n- Replace vague phrases like ""very low"" with precise comparisons (e.g., ""30% below market value"").  \n- Fix grammatical errors (e.g., ""the two products have higher sales than cash flows"" → ""generate higher sales but lower cash flows"").  \n\n**STRUCTURE IMPROVEMENTS:**  \n- Group related issues (e.g., merge the two sections on desert/ice wines into one cohesive argument).  \n- Use subheadings (e.g., ""Legal Claims,"" ""Asset Disposal,"" ""Tax Compliance"") to improve readability.  \n- Ensure each paragraph transitions logically; currently, the tax rate section feels abrupt.  \n- Add a short introduction outlining the essay’s scope and a conclusion reiterating key actions for the company.  \n']"
22	0.75	"['  \n**CONTENT IMPROVEMENTS:**  \n- The introduction should explicitly state the purpose of the case study and its relevance to the Peach Belt Conference, which is currently missing.  \n- The analysis of each coach is detailed but somewhat repetitive. Focus on unique aspects of their leadership and how they contrast or complement one another.  \n- The conclusion is abrupt and could synthesize key takeaways or suggest practical applications for current coaches.  \n\n**LANGUAGE IMPROVEMENTS:**  \n- Some phrasing is overly formal or awkward (e.g., ""procured the bulk of all-time wins,"" ""constitute variegated conceptions""). Simplify for clarity and flow.  \n- Avoid passive voice (e.g., ""is fundamentally instrumental"" → ""plays a key role"").  \n- Replace vague terms like ""a multitude of quotes"" with specific examples or analysis.  \n\n**STRUCTURE IMPROVEMENTS:**  \n- The body sections follow a rigid template (Thoughts/Motivations, Leadership Strategies, Success Factors) that feels formulaic. Vary the structure to emphasize unique insights.  \n- Add subheadings (e.g., ""Pat Summitt: Rule-Based Leadership"") to improve readability.  \n- The transition between coaches is abrupt. Use linking sentences to show connections or contrasts.  \n']"
23	0.75	"['  \n**CONTENT IMPROVEMENTS:**  \n- The argument is well-supported by references, but the analysis could delve deeper into specific examples or case studies to illustrate how HR managers have successfully implemented total quality management (TQM) in real-world scenarios.  \n- The conclusion is repetitive, restating points already made without synthesizing them into a broader insight. Consider ending with a forward-looking statement or a call to action.  \n- Some claims, like the HR manager’s role as a ""role model,"" need further elaboration to clarify how this translates into tangible quality improvements.  \n\n**LANGUAGE IMPROVEMENTS:**  \n- Avoid repetitive phrasing (e.g., ""total quality management"" is overused; substitute with synonyms like ""TQM"" or ""quality-first culture"").  \n- Sentences like ""This can be the basis of offering training..."" are awkwardly structured. Revise for clarity: ""This approach can inform training programs...""  \n- Replace passive constructions (e.g., ""are needed by the total quality management"") with active voice (""TQM requires these role changes"").  \n\n**STRUCTURE IMPROVEMENTS:**  \n- The introduction could better outline the essay’s structure. Add a sentence previewing the key points (e.g., training, communication, and monitoring).  \n- Paragraph transitions are abrupt. Use linking phrases (e.g., ""Furthermore,"" ""In addition"") to guide the reader.  \n- The section on surveys and monitoring (paragraph 6) feels disconnected. Integrate it earlier with the discussion of employee attitudes and training.  \n']"
24	0.75	"['  \n**CONTENT IMPROVEMENTS:**  \n- The introduction sets a good foundation but could better articulate the specific goals of the essay. A stronger thesis statement would help guide the reader.  \n- The analysis of the ‘two-year degree’ requirement is well-reasoned but could include more counterarguments or data to strengthen the discussion.  \n- The section on the written exam could benefit from specific examples of outdated language or technology gaps to make the argument more concrete.  \n- While the benefits of adding an essay are listed clearly, expanding on how these benefits directly improve community policing would add depth.  \n- The interview improvement strategies are practical but somewhat generic. Including real-world examples or case studies would enhance credibility.  \n- The discussion on the physical fitness test is balanced but could address potential biases (e.g., age, gender) to provide a more nuanced critique.  \n\n**LANGUAGE IMPROVEMENTS:**  \n- Some sentences are overly wordy (e.g., ""The fact that the written exam is not in line with the current technology turns off the potential applicants...""). Simplify for clarity: ""Outdated exam technology discourages applicants.""  \n- Avoid repetitive phrasing (e.g., ""wide range of knowledge/information"" appears multiple times). Vary word choice for better flow.  \n- Minor grammatical errors (e.g., ""More over"" → ""Moreover""; ""the new the applicants"" → ""the new applicants""). Proofreading would help.  \n- Replace vague terms like ""a number of"" with precise quantities or examples where possible.  \n\n**STRUCTURE IMPROVEMENTS:**  \n- The transition between sections is abrupt. Use linking sentences to connect ideas (e.g., ""Having addressed the written exam, the next critical area is the interview process..."").  \n- The bullet-point lists are useful but could be integrated into paragraphs for smoother readability in some places.  \n- The conclusion is missing. A summary of key recommendations and their expected impact would strengthen the essay’s closure.  \n- Headings (e.g., ""Analysis"") are clear, but subheadings for each question (e.g., ""Educational Requirements"") would improve navigation.  \n']"
25	0.65	"['  \n**CONTENT IMPROVEMENTS:**  \n- The introduction should clearly define a tax lien and its significance upfront, rather than presenting it as a ""law.""  \n- The essay conflates tax liens with credit reports and loan qualifications without clear transitions. Focus on explaining how tax liens specifically hinder car purchases, as the title suggests.  \n- The section on buying a car and house simultaneously feels tangential. Either expand on its relevance to tax liens or remove it.  \n- The cited source (Loftis) is not well-integrated into the argument. Use it to support claims about tax lien removal or financial strategies.  \n\n**LANGUAGE IMPROVEMENTS:**  \n- Fix grammatical errors: *""when one owesur unpaid taxes""* → *""when one owes unpaid taxes""*; *""this becomes is a clear indication""* → *""this is a clear indication.""*  \n- Avoid informal phrasing: *""make a call to the IRS""* → *""contact the IRS""*; *""a little bit complicated""* → *""complicated.""*  \n- Clarify ambiguous statements: *""the government and the treasury hold one liable""* → *""the government (via the IRS) imposes a lien.""*  \n- Replace repetitive phrasing (e.g., *""one""* is overused; vary with *""individuals,""* *""taxpayers,""* or *""consumers""*).  \n\n**STRUCTURE IMPROVEMENTS:**  \n- Organize the essay into distinct sections: **1.** Definition/impact of tax liens, **2.** How they affect car purchases, **3.** Steps to resolve liens, **4.** Conclusion.  \n- Remove the disjointed advice about buying cars/houses simultaneously unless tied directly to tax liens.  \n- The conclusion is missing. End with a summary of key points or a call to action (e.g., *""To mitigate tax lien issues, consult the IRS or a financial advisor""*).  \n- Improve flow between paragraphs. For example, the transition from lien removal to car/house purchasing is abrupt.  \n']"
26	0.65	"['  \n**CONTENT IMPROVEMENTS:**  \n- The introduction is vague and repetitive. Clarify the definition of captive insurers and their purpose upfront.  \n- The pros and cons section is underdeveloped. Expand on specific examples of tax implications and underwriting risks.  \n- The essay relies heavily on general statements without supporting evidence. Include statistics, case studies, or regulatory examples (e.g., Bahrain’s captive insurance market) to strengthen arguments.  \n- The ""Work Cited"" section is poorly formatted and lacks proper citations (e.g., missing URLs, publication dates). Use a consistent citation style (APA/MLA).  \n\n**LANGUAGE IMPROVEMENTS:**  \n- Avoid redundancy (e.g., ""they also get involved in ensuring"" → ""they ensure"").  \n- Fix grammatical errors: ""caution against a risk"" → ""mitigate risk""; ""tax charged for the services may be higher"" → ""taxation may be higher.""  \n- Replace informal phrasing (""a lot of,"" ""what follows is"") with precise language.  \n- Define jargon (e.g., ""systematic and unsystematic risk"") for clarity.  \n\n**STRUCTURE IMPROVEMENTS:**  \n- The essay jumps abruptly between topics (e.g., types of captives → Middle East → pros/cons). Group related ideas into clear sections with subheadings (e.g., ""Types of Captives,"" ""Global Presence,"" ""Advantages and Challenges"").  \n- The conclusion is missing. Summarize key points and reiterate the significance of captive insurance.  \n- Improve flow between paragraphs with transitional phrases (e.g., ""In contrast,"" ""Furthermore"").  \n- The bulleted list of captive types is useful but should be integrated into the narrative or formatted as a table for readability.  \n']"
27	0.75	"['  \n**CONTENT IMPROVEMENTS:**  \n- The introduction effectively highlights the problem of medical errors and mismanagement, but the connection to respiratory diseases feels abrupt. A smoother transition or clearer justification for focusing on respiratory departments would improve coherence.  \n- The argument against nurses serving as managers is logical but would benefit from more concrete examples or data to strengthen the claim (e.g., specific cases of mismanagement by nurses).  \n- The research aim is clear, but the scope could be refined. Instead of broadly stating the intent to ""investigate challenges,"" specify which management mistakes will be analyzed (e.g., staffing, resource allocation).  \n- The conclusion reiterates the thesis but doesn’t synthesize findings or propose actionable solutions. Adding a brief summary of potential recommendations would enhance impact.  \n\n**LANGUAGE IMPROVEMENTS:**  \n- Avoid repetitive phrasing (e.g., ""mismanagement of the department"" appears twice in close proximity). Use synonyms or rephrase for variety.  \n- Some sentences are awkwardly constructed (e.g., ""the correctness of the idea that nurses... must be put under question""). Simplify to: ""The assumption that nurses can effectively manage departments should be questioned.""  \n- Replace vague terms like ""numerous competitions"" with precise language (e.g., ""competitive pressures to reduce errors"").  \n- The phrase ""act in advance to avoid challenges"" is unclear. Specify actions (e.g., ""implement protocols to prevent errors"").  \n\n**STRUCTURE IMPROVEMENTS:**  \n- The essay jumps abruptly from global mortality statistics to respiratory departments. Add a bridging sentence to explain why this focus is relevant to the broader management discussion.  \n- The paragraph about the student’s research task feels disjointed. Integrate it earlier or frame it as part of the problem-solution structure.  \n- Use subheadings (e.g., ""Problem Statement,"" ""Research Focus"") to guide the reader and improve flow.  \n- The reference list is formatted correctly, but in-text citations could be more smoothly integrated (e.g., ""As Ghanem et al. (2015) demonstrate..."" instead of parenthetical citations mid-sentence).  \n']"
28	0.65	"['  \n**CONTENT IMPROVEMENTS:**  \n1. **Avoid Repetition:** The essay frequently repeats points (e.g., ""Leadership management pattern at IBM has really contributed to its success"" appears multiple times). Focus on presenting new insights in each section.  \n2. **Depth Over Breadth:** Expand on key areas (e.g., governance, ethics) with specific examples or case studies instead of superficial mentions. For instance, detail how IBM’s ethical policies have impacted decision-making.  \n3. **Cite Diverse Sources:** Relying heavily on ""Williams"" weakens credibility. Incorporate more recent or varied sources (e.g., IBM’s annual reports, competitor analyses).  \n4. **Clarify Claims:** Statements like ""IBM is very good at meeting the needs of its clients"" need evidence (e.g., customer satisfaction metrics).  \n\n**LANGUAGE IMPROVEMENTS:**  \n1. **Grammar/Clarity:** Fix errors like ""United states"" (capitalize ""States""), ""Threat is one of the key factors that can lead to industrial poor performance"" (rewrite as ""Threats are key factors in poor industrial performance"").  \n2. **Word Choice:** Replace vague phrases (e.g., ""very good at"" → ""excels in""; ""a lot of"" → ""numerous"").  \n3. **Active Voice:** Use more direct language (e.g., ""The company has enlarged its marketing network"" → ""IBM expanded its marketing network"").  \n4. **Avoid Redundancy:** Phrases like ""critical provision in the business context"" are overused and add little value.  \n\n**STRUCTURE IMPROVEMENTS:**  \n1. **Logical Flow:** Reorganize sections thematically (e.g., merge ""Governance"" and ""Organization"" under ""Management Strategies"").  \n2. **Headings/Subheadings:** Use consistent formatting (e.g., bold or numbered subheadings for ""Production Department,"" ""Quality Department"").  \n3. **Transitions:** Improve connections between sections (e.g., ""Having discussed X, the next section explores Y"").  \n4. **Executive Summary:** Condense to 3-4 key points; currently it’s overly detailed for a summary.  \n5. **Graphs/Data:** Integrate visuals more effectively (e.g., explain the ""Price, Earning, and Dividends graph"" in the text).  \n']"
29	0.75	"['  \n**CONTENT IMPROVEMENTS:**  \n- The definition and explanation of multi-literacy are well-presented, but the essay would benefit from deeper analysis or real-world examples to illustrate its significance in education or daily life.  \n- Some sections (e.g., gestural and spatial literacy) are underdeveloped compared to linguistic and visual literacy. Expanding these with more concrete examples or studies would strengthen the argument.  \n- The references are minimal and lack proper formatting (e.g., missing URLs or publication details). Including more credible sources and adhering to a consistent citation style (APA/MLA) would improve credibility.  \n\n**LANGUAGE IMPROVEMENTS:**  \n- Avoid repetitive phrasing (e.g., ""in this way"" appears frequently). Vary transitional phrases (e.g., ""consequently,"" ""moreover"") for smoother flow.  \n- Some sentences are awkwardly structured (e.g., ""Students should be able to represent their knowledge through images""). Revise for clarity: ""Students must learn to convey ideas visually using images.""  \n- Replace vague terms like ""etc."" with specific examples or rephrase for precision.  \n\n**STRUCTURE IMPROVEMENTS:**  \n- The introduction effectively defines multi-literacy, but the thesis could be sharper. Explicitly state the purpose (e.g., ""This essay examines four key types of multi-literacy and their educational implications"").  \n- Paragraphs on each literacy type follow a logical order, but transitions between them are abrupt. Use bridging sentences (e.g., ""Beyond linguistic skills, visual literacy plays an equally critical role..."").  \n- The conclusion is missing. Add a summary paragraph reiterating the importance of multi-literacy and suggesting future directions (e.g., technology\'s role in evolving literacies).  \n']"
30	0.85	"['  \n**CONTENT IMPROVEMENTS:**  \n- The analysis of themes (love, memory, past/present) is strong, but some claims could be supported with more direct textual evidence. For example, when discussing the ""reality of human nature"" in ""Dark Paths,"" a deeper dive into the protagonist’s internal conflict would strengthen the argument.  \n- The comparison between the two stories is compelling, but the essay occasionally drifts into summary. Focus more on synthesizing insights (e.g., how Bunin’s structural choices reinforce themes) rather than retelling plot points.  \n- The historical/biographical context about Bunin is useful but could be more concise. Trim tangential details (e.g., his opposition to Nazi rule) unless directly tied to the stories’ themes.  \n\n**LANGUAGE IMPROVEMENTS:**  \n- Avoid vague phrasing like ""unique richness"" or ""larger-than-life character""—specify what makes Bunin’s style distinct (e.g., ""economical yet evocative descriptions"" or ""restrained emotional subtext"").  \n- Some sentences are overly long or convoluted (e.g., ""This effect of feeling as though he loved her himself is an interesting one""). Break them down for clarity.  \n- Replace repetitive words (e.g., ""denote"" appears twice in close proximity; vary with ""suggest,"" ""reveal,"" etc.).  \n- Watch for minor grammatical errors: ""become"" should be ""becoming"" in ""Nazi rule that was become increasingly pervasive.""  \n\n**STRUCTURE IMPROVEMENTS:**  \n- The introduction could more clearly state the essay’s thesis (e.g., ""Bunin’s stories explore love and memory through parallel structures and subdued emotion, revealing the fragility of human connections"").  \n- Group related ideas more logically. For instance, the discussion of Bunin’s biographical details interrupts the flow between the intro and story analysis; consider moving it to a separate paragraph or integrating it later.  \n- Transitions between paragraphs need smoothing. Use signposts like ""Similarly,"" or ""In contrast,"" to guide the reader when shifting between stories or themes.  \n- The conclusion effectively summarizes key points but could end with a stronger final thought—perhaps linking Bunin’s ""unresolved endings"" to broader literary traditions or reader engagement.  \n']"
31	0.75	"['  \n**CONTENT IMPROVEMENTS:**  \n- The introduction is somewhat generic and could be strengthened with a clearer thesis statement outlining the key recommendations.  \n- The discussion on employee discipline and termination is useful but could be expanded with examples or case studies to illustrate best practices.  \n- The comparison of nursing job advertisements is a strong point, but the analysis could delve deeper into why certain details (e.g., qualifications, duties) are critical for attracting the right candidates.  \n- References are minimal; incorporating more scholarly sources would strengthen the argument.  \n\n**LANGUAGE IMPROVEMENTS:**  \n- Some sentences are awkwardly phrased (e.g., ""employers can ask for records and official documents from which they can learn about the person""). Rephrase for clarity: ""Employers can review records and official documents to assess a candidate’s background.""  \n- Grammar errors exist (e.g., ""the employer should have know"" → ""should have known""). Proofreading is needed.  \n- Avoid redundancy (e.g., ""clearly written"" is repeated multiple times). Vary word choice for better flow.  \n\n**STRUCTURE IMPROVEMENTS:**  \n- The essay jumps between topics (e.g., recruitment, discipline, job ads) without clear transitions. Use subheadings or topic sentences to guide the reader.  \n- The conclusion is abrupt. Summarize key recommendations and reinforce the importance of careful recruitment.  \n- The reference list is incomplete (only two sources). Expand with additional credible sources to support claims.  \n']"
32	0.85	"['  \n**CONTENT IMPROVEMENTS:**  \n- The summary effectively captures the study\'s focus but could briefly mention the specific Muslim economies studied to add context.  \n- The personal opinion section raises a valid point about citizen sentiments, but this critique could be expanded with examples or references to similar studies to strengthen the argument.  \n- The results section could briefly note any limitations acknowledged by Khattak (e.g., data constraints) to provide a more balanced view.  \n\n**LANGUAGE IMPROVEMENTS:**  \n- Avoid repetitive phrasing (e.g., ""sustainable behavior"" appears frequently; vary with terms like ""CSR initiatives"" or ""pro-environmental practices"").  \n- Clarify ambiguous phrasing: For example, ""pro-environmental behavior translates to monetary benefits only when the company is able to communicate that information"" could be reworded for precision: ""Monetary benefits from sustainability efforts depend on effective communication to clients.""  \n- Replace informal expressions like ""a lot of people"" with more academic language (e.g., ""many stakeholders"" or ""a significant proportion of consumers"").  \n\n**STRUCTURE IMPROVEMENTS:**  \n- The transition between sections (e.g., Methodology to Results) could be smoother. A bridging sentence (e.g., ""The following results emerged from this methodological approach"") would improve flow.  \n- The personal opinion section might integrate earlier content more explicitly (e.g., ""Given the findings on institutional mediation, my concern about citizen sentiments suggests..."").  \n- Consider breaking the ""Results"" paragraph into two shorter paragraphs for readability: one for direct findings and another for the mediation effect.  \n']"
33	0.65	"['  \n**CONTENT IMPROVEMENTS:**  \n- The essay needs more specific examples or historical context to support claims about why labor unions were established (e.g., mentioning key events like the Haymarket Affair or the Triangle Shirtwaist Factory fire).  \n- The argument for modern relevance is vague—add statistics, case studies, or recent labor disputes (e.g., Amazon or Starbucks unionization efforts) to strengthen the position.  \n- Address counterarguments (e.g., criticisms of unions being bureaucratic or outdated) to create a more balanced discussion.  \n\n**LANGUAGE IMPROVEMENTS:**  \n- Replace informal phrasing like ""I do not have any personal experience"" with more objective language (e.g., ""While direct experience may vary, evidence suggests..."").  \n- Clarify awkward phrasing (e.g., ""seek attention to their common problems"" → ""address their shared grievances"").  \n- Avoid redundant phrases (""or whatsoever"") and tighten wordiness (""healthy negotiations between administrators and their subjects"" → ""productive negotiations between employers and employees"").  \n\n**STRUCTURE IMPROVEMENTS:**  \n- Add an introduction with a clear thesis (e.g., ""Labor unions emerged to address systemic workplace injustices and remain vital today despite evolving challenges"").  \n- Organize body paragraphs by theme: one on historical purpose, another on modern relevance, and a third on challenges/counterarguments.  \n- Include a conclusion summarizing key points and reinforcing the thesis.  \n- Use transitions between ideas (e.g., ""Furthermore,"" ""However,"" ""For instance"").  \n']"
34	0.85	"['  \n**CONTENT IMPROVEMENTS:**  \n- The rationale for selecting these specific centers is strong, but the essay could delve deeper into how each center aligns with developmental milestones (e.g., cognitive, social-emotional growth).  \n- The discussion of barriers (e.g., space constraints) is useful but could be expanded with more practical solutions or examples from real classroom settings.  \n- The references are appropriately cited, but integrating more recent studies (post-2011) could strengthen the evidence base.  \n\n**LANGUAGE IMPROVEMENTS:**  \n- Some sentences are overly repetitive (e.g., ""develop gross-motor and fine-motor skills"" appears multiple times). Vary phrasing for better flow.  \n- Avoid passive voice where possible (e.g., ""materials are organized"" → ""teachers organize materials"").  \n- Minor grammatical errors: ""tactical experiences"" should likely be ""tactile experiences""; ""facilitate their motor skills"" should be ""develop their motor skills.""  \n\n**STRUCTURE IMPROVEMENTS:**  \n- The introduction effectively outlines the centers but could briefly preview the barriers section to improve cohesion.  \n- The conclusion is abrupt. Summarize key takeaways or reflect on the broader implications of these centers for early childhood education.  \n- Consider subheadings for each center to enhance readability (e.g., **Blocks Center: Skills and Setup**).  \n']"
35	0.75	"['  \n**CONTENT IMPROVEMENTS:**  \n- **Deeper Analysis:** The discussion on business processes and systems is descriptive but lacks critical evaluation. For instance, the advantages of the ""process view"" over traditional structures could be expanded with real-world case studies or counterarguments.  \n- **Originality:** The essay relies heavily on cited definitions and concepts. Adding unique perspectives or recent industry examples (e.g., digital transformation in airlines) would strengthen its relevance.  \n- **Clarity in Examples:** The Copa Airlines section is practical but vague. Specify how the proposed collaborations (e.g., Safety + Flight Operations) would *operationally* improve customer experience.  \n\n**LANGUAGE IMPROVEMENTS:**  \n- **Conciseness:** Some sentences are wordy (e.g., ""The nature of the business process will therefore depend on the targeted goals"" → ""Business processes vary by goals"").  \n- **Grammar/Flow:** Minor errors like inconsistent verb tenses (""The firm should also adopt new technologies"" vs. ""The CEO will oversee""). Use active voice consistently.  \n- **Repetition:** Phrases like ""targeted goals"" and ""best outcomes"" recur frequently. Replace with synonyms (e.g., ""objectives,"" ""optimal results"").  \n\n**STRUCTURE IMPROVEMENTS:**  \n- **Transitions:** Sections feel disjointed. Add bridging sentences (e.g., ""Having explored systems theory, the next section applies these concepts to Copa Airlines"").  \n- **Visuals:** The ""Fig 1"" reference is unclear—embed the actual diagram or describe it in detail.  \n- **Conclusion:** Missing a summary or final takeaways. End with a paragraph synthesizing key points (e.g., how the Seven Domains Model complements process views).  \n']"
36	0.75	"['  \n**CONTENT IMPROVEMENTS:**  \n- The essay covers key points but often states facts without deeper analysis. For example, the discussion on Germany’s industrial disadvantages could be expanded with specific production statistics or logistical challenges.  \n- Some claims are oversimplified (e.g., ""Germany was the favorites in this war"")—clarify why they were perceived as strong and how this changed.  \n- The role of Allied coordination (e.g., Lend-Lease, intelligence efforts like Ultra) is underdeveloped.  \n- Avoid vague phrases like ""a lot of complications"" by specifying issues (e.g., ""mechanical failures in Allied tanks due to rushed production"").  \n\n**LANGUAGE IMPROVEMENTS:**  \n- Grammar/word choice: ""German had conquered"" → ""Germany had conquered""; ""the Japans"" → ""Japan""; ""armories"" → ""armaments.""  \n- Repetition: ""upper hand"" is used three times; vary phrasing (e.g., ""advantage,"" ""edge"").  \n- Awkward phrasing: ""This as well gave them an upper hand"" → ""This also provided an advantage.""  \n- Informal tone: ""went down the drain"" is too colloquial; replace with ""failed utterly.""  \n\n**STRUCTURE IMPROVEMENTS:**  \n- The flow between paragraphs is uneven. Group related ideas (e.g., merge the two paragraphs on Allied industrial strength).  \n- The conclusion is abrupt. Add a summary sentence reiterating the thesis.  \n- Chronology is unclear at times (e.g., Hitler’s suicide is mentioned before later battles). Reorder events logically.  \n- Overuse of passive voice (""the Nazi’s were defeated"") weakens impact; use active voice (""The Allies defeated the Nazis"").  \n']"
37	0.75	['  \n**CONTENT IMPROVEMENTS:**  \n1. **Deeper Analysis**: Expand on the connection between the Clark Inventory score (75) and specific workplace issues. For example, explain how the removal of supplies directly impacts morale and civility metrics.  \n2. **Evidence Integration**: Strengthen claims with more citations (e.g., quantify how incivility affects patient safety using studies beyond Clark’s work).  \n3. **Solution Specificity**: The DESC model example is useful, but propose concrete steps for leadership (e.g., monthly transparency reports, anonymous feedback systems).  \n\n**LANGUAGE IMPROVEMENTS:**  \n1. **Clarity**: Replace vague phrases like *“not so right”* (Introduction) with precise terms (*“deteriorated significantly”*).  \n2. **Conciseness**: Avoid redundancy (e.g., *“communication and transparency”* are overlapping concepts; pick one).  \n3. **Formality**: Use *“healthcare professionals”* instead of *“healthcare experts”* (Introduction) for academic tone.  \n\n**STRUCTURE IMPROVEMENTS:**  \n1. **Flow**: Reorder sections for logical progression—e.g., move the DESC example earlier to illustrate problems before discussing solutions.  \n2. **Headings**: Consolidate repetitive sections (e.g., merge *“Work Environment Assessment”* and *“Summary of Results”* in the Appendix).  \n3. **Transitions**: Add bridging sentences between paragraphs (e.g., *“Given these challenges, the literature suggests…”* before *“Reviewing the Literature”*).  \n\n']
38	0.75	"['  \n**CONTENT IMPROVEMENTS:**  \n- The essay briefly touches on the impact of drug trafficking but could expand on specific legal, social, and political consequences beyond Escobar’s influence. For instance, how does drug trafficking affect modern-day Colombia or other countries?  \n- More concrete examples or statistics would strengthen the argument. For example, citing data on drug trafficking rates or economic impacts would add credibility.  \n- The connection between poverty, corruption, and drug trafficking is mentioned but not explored in depth. A deeper analysis of this relationship would improve the essay’s substance.  \n\n**LANGUAGE IMPROVEMENTS:**  \n- Some sentences are awkwardly phrased, such as ""the criminal activities affecting the population at the time still negatively impact the community."" Consider revising for clarity: ""The criminal activities of Escobar’s cartel continue to harm communities today.""  \n- Avoid passive voice where possible (e.g., ""trafficking may also refer to"" → ""trafficking also includes"").  \n- The phrase ""criminal potency"" is unclear—replace with a more precise term like ""criminal influence"" or ""organized crime networks.""  \n\n**STRUCTURE IMPROVEMENTS:**  \n- The essay lacks a clear introduction and conclusion. A stronger opening hook (e.g., a striking fact or quote) and a concluding paragraph summarizing key points would improve flow.  \n- The transition between paragraphs is abrupt. For example, the shift from general drug trafficking to Escobar feels sudden. A bridging sentence would help (e.g., ""One of the most notorious figures in drug trafficking history is Pablo Escobar..."").  \n- The Works Cited entry is formatted correctly, but in-text citations should be integrated more smoothly (e.g., ""As Naef (2018) argues..."").  \n']"
39	0.65	"['  \n**CONTENT IMPROVEMENTS:**  \n1. **Lack of Focus:** The essay shifts abruptly between historical analysis and modern issues without clear transitions. Stick to one central theme (e.g., ""Islam\'s Golden Age"") or clearly connect past and present.  \n2. **Superficial Claims:** Statements like ""respect for Islam is lost"" and ""radicalism defines Islam"" are overly broad and unsupported. Provide nuanced evidence (e.g., scholarly debates, statistical trends) to avoid sweeping generalizations.  \n3. **Weak Citations:** The sources are minimally used. Integrate them more effectively—e.g., explain Al-Hasani’s findings on Madrasahs or Chaney/Church’s analysis of radicalism’s roots.  \n4. **Missing Context:** Briefly define ""Golden Age"" (e.g., scientific, cultural achievements) and clarify how governance shifted post-12th century.  \n\n**LANGUAGE IMPROVEMENTS:**  \n1. **Clarity:** Phrases like ""saving a great legacy"" and ""inevitable factors have changed the idea of faith"" are vague. Rewrite for precision (e.g., ""preserved scholarly traditions"" or ""colonialism and modernization altered religious authority"").  \n2. **Grammar/Flow:** Fix awkward constructions (e.g., ""A minimal part of the Islamic side lay in hatred"" → ""Few Muslims endorse extremism""). Use transitional phrases (e.g., ""In contrast,"" ""However"") to link ideas.  \n3. **Word Choice:** Replace informal terms like ""huge number"" with ""proliferation"" or ""surge."" Avoid passive voice (""were translated"" → ""scholars translated"").  \n\n**STRUCTURE IMPROVEMENTS:**  \n1. **Thesis Statement:** Add a clear thesis upfront (e.g., ""This essay examines Islam’s socio-political influence during its Golden Age and contrasts it with modern perceptions"").  \n2. **Paragraph Organization:** Each paragraph should focus on one idea. For example, separate historical governance (para 2) from modern radicalism (para 3).  \n3. **Conclusion:** The ending is abrupt. Summarize key points and suggest implications (e.g., ""Understanding Islam’s historical achievements could mitigate contemporary stereotypes"").  \n4. **Introduction/Conclusion Balance:** Expand the introduction to set up the argument and the conclusion to reflect on it.  \n']"
40	0.75	"['  \n**CONTENT IMPROVEMENTS:**  \n1. **Deeper Analysis Needed**: While the essay covers key concepts (e.g., IPTV, Web TV), it often summarizes rather than critically analyzes their societal and economic impacts. For example, the section on cultural diversity could explore specific case studies or contrasting regional adaptations of IPTV.  \n2. **Narrow the Focus**: The essay jumps between technical definitions, economic effects, and cultural impacts without a clear thematic thread. Prioritize one central argument (e.g., ""How IPTV disrupts traditional media economies"") and develop it thoroughly.  \n3. **Update Examples**: Some references (e.g., 1995 Video Online) feel outdated. Include recent trends like streaming platforms (Netflix, Disney+) to strengthen relevance.  \n4. **Clarify Claims**: Phrases like ""the Internet was not just about context or content, it was about communication"" are vague. Specify how communication differs in Web TV vs. traditional TV.  \n\n**LANGUAGE IMPROVEMENTS:**  \n1. **Grammar/Clarity**: Fix errors like ""assess"" (misused for ""access"") and awkward phrasing (e.g., ""the seat that television thrives"" → ""see that television thrives"").  \n2. **Conciseness**: Avoid redundancy (e.g., ""Web TV, IPTV, and Internet-based channels"" is repeated excessively; use synonyms like ""digital TV platforms"").  \n3. **Academic Tone**: Replace informal terms (e.g., ""fun activities,"" ""what’s hot gossip column"") with formal equivalents (""interactive features,"" ""entertainment news"").  \n4. **Stronger Transitions**: Link sections with phrases like ""Building on this economic shift..."" instead of abrupt topic jumps.  \n\n**STRUCTURE IMPROVEMENTS:**  \n1. **Thematic Headings**: Replace generic headings (e.g., ""Impact of Communities"") with action-oriented ones (e.g., ""Cultural Adaptation in Digital TV Markets"").  \n2. **Logical Flow**: Reorder sections to build a narrative—e.g., start with definitions, then move to adoption → economic effects → cultural consequences.  \n3. **Conclusion Expansion**: The conclusion restates points without synthesis. End with a forward-looking statement (e.g., ""Future research should examine..."").  \n4. **Visual Breaks**: Use bullet points or subheadings in long paragraphs (e.g., the Noam et al. quote on niche programming) for readability.  \n']"
41	0.75	"['  \n**CONTENT IMPROVEMENTS:**  \n- The research objectives are clearly stated, but the introduction could better contextualize the significance of Emirati youths\' perceptions in relation to broader regional dynamics.  \n- The methodology section is detailed but could explain why a mixed-method approach (questionnaires + interviews) is optimal for this study rather than just listing strengths and weaknesses.  \n- The ethical considerations section is strong but could briefly address potential biases in self-reported data from youths.  \n- The conclusion is abrupt—expand on how findings could influence policy or future research.  \n\n**LANGUAGE IMPROVEMENTS:**  \n- Avoid redundancy (e.g., ""research proposal"" is repeated excessively; vary phrasing).  \n- Some sentences are awkwardly phrased (e.g., ""The Saudi youths will express a broad range of opinions"" should specify *Emirati* youths).  \n- Replace vague terms like ""critical"" or ""imperative"" with more precise language (e.g., ""essential for capturing nuanced perspectives"").  \n- Correct minor errors: ""scribed"" should be ""transcribed"" in the interview section.  \n\n**STRUCTURE IMPROVEMENTS:**  \n- The transition between sections (e.g., from methodology to data collection) needs smoother bridging sentences.  \n- Subheadings (e.g., ""Strengths and Weaknesses"") are helpful but could be more logically ordered (e.g., group all methodological strengths together before weaknesses).  \n- The references are properly formatted, but in-text citations could be more seamlessly integrated (e.g., ""Groves et al. (2009) argue..."" instead of parenthetical notes mid-sentence).  \n- Consider adding a brief literature review subsection to strengthen the theoretical foundation.  \n']"
42	0.65	"['  \n**CONTENT IMPROVEMENTS:**  \n- The introduction briefly mentions RCA and FMEA but does not clearly link them to the case study or explain their significance in nursing practice. A stronger thesis statement would help guide the reader.  \n- The case study of the patient’s death is underdeveloped. More details about the specific errors (e.g., type of sedatives, timeline of negligence) would strengthen the analysis.  \n- The ""Change Theory"" section is vague. Instead of general statements, provide concrete examples of how nurses can change attitudes/actions (e.g., communication protocols, checklists).  \n- The Failure Mode Analysis steps are listed but not applied to the case study. Show how severity, occurrence, and detection ratings would apply to the patient’s scenario.  \n- The ""Role of Nurses"" section is overly simplistic. Expand on specific interventions (e.g., double-checking medications, patient monitoring systems).  \n\n**LANGUAGE IMPROVEMENTS:**  \n- Grammar/Clarity: Fix errors like ""indentify"" (identify), ""life’s"" (lives), and awkward phrasing (e.g., ""sentimental events"" should be ""sentinel events"").  \n- Word Choice: Replace informal terms like ""good history"" (stable/well-managed history) and ""hampered"" (disrupted).  \n- Tone: Avoid passive voice (e.g., ""the errors of the physician led"" → ""the physician’s errors caused"").  \n- Repetition: ""Nurses should change their attitudes"" is repeated; vary phrasing or merge ideas.  \n\n**STRUCTURE IMPROVEMENTS:**  \n- **Flow:** The transition from RCA to FMEA is abrupt. Add a sentence explaining their relationship (e.g., ""After RCA identifies causes, FMEA prevents recurrence by..."").  \n- **Headings:** Subdivide ""Discussion"" into clearer sections (e.g., ""Case Analysis,"" ""Theoretical Framework,"" ""Practical Recommendations"").  \n- **Conclusion:** Missing. Summarize key takeaways (e.g., how RCA/FMEA + attitude change reduce errors).  \n- **References:** Formatting is inconsistent (e.g., ""4 th Ed."" → ""4th ed.""; italics missing for book titles).  \n\n']"
43	0.75	"['  \n**CONTENT IMPROVEMENTS:**  \n- The introduction sets a broad context but could be more focused on the Zulu specifically. A stronger thesis statement would help guide the reader.  \n- Some claims lack detailed evidence or examples (e.g., ""Zulu warriors were more dangerous than other African armies""). Adding specific historical battles or tactics would strengthen this point.  \n- The discussion of religion is informative but could delve deeper into how these beliefs influence daily life or societal structures.  \n- The conclusion is missing; the essay ends abruptly with historical context. A summary or reflection on the Zulu’s modern-day significance would provide closure.  \n\n**LANGUAGE IMPROVEMENTS:**  \n- Avoid vague phrases like ""significant number"" or ""unique factors""; replace with precise terms (e.g., ""numerous ancient tribes"" or ""distinct rituals"").  \n- Some sentences are awkwardly phrased (e.g., ""Parts of the representatives of the people exist today in a modified state""). Revise for clarity: ""Some modern Zulu communities retain adapted traditions.""  \n- Minor grammatical errors (e.g., ""different utensils and dishes are often used for other foods"" → ""different utensils are used for specific foods"").  \n- Replace passive voice with active where possible (e.g., ""the spirit world can only be accessed"" → ""ancestors mediate access to the spirit world"").  \n\n**STRUCTURE IMPROVEMENTS:**  \n- The essay jumps between topics (religion, migration, military) without smooth transitions. Group related ideas into paragraphs with topic sentences.  \n- The historical timeline feels disjointed. Consider a chronological or thematic structure (e.g., early history → cultural practices → modern adaptations).  \n- Subheadings (e.g., ""Religion,"" ""Military Power"") could improve readability.  \n- The references are correctly cited but are not integrated fluidly into the text. Introduce sources more naturally (e.g., ""According to BBC News Africa (2020), the Zulu migrated from the Congo..."").  \n']"
44	0.75	"['  \n**CONTENT IMPROVEMENTS:**  \n- The introduction effectively sets up the topic but could benefit from a clearer thesis statement to guide the reader.  \n- The historical progression of movies is well-noted, but the analysis of societal impact remains superficial. For instance, the essay mentions ""complex social issues"" post-WWII but does not elaborate on specific examples or their significance.  \n- The ""Themes"" section is underdeveloped. Instead of listing broad categories (e.g., ""economic, social, and political changes""), focus on 1-2 key themes (e.g., gender roles, class struggle) with deeper analysis and evidence.  \n- Citations are sparse and outdated (e.g., Barthes 2002, Entwistle 2000). Incorporate more recent scholarly sources to strengthen credibility.  \n\n**LANGUAGE IMPROVEMENTS:**  \n- Avoid awkward phrasing: *""sharply etched in our societal imagination""* → *""deeply ingrained in societal consciousness.""*  \n- Correct grammatical errors: *""the movies have faced technical, political and economic changes which have equally impacted on the American society""* → *""the movies have undergone technical, political, and economic changes that equally impacted American society.""*  \n- Replace vague terms like *""a host of understandings""* with precise language (*""valuable insights""*).  \n- Inconsistent tense: *""the movies have gradually evolved""* (present perfect) vs. *""the previous generation of movies dwelt""* (past). Stick to one tense unless context requires a shift.  \n\n**STRUCTURE IMPROVEMENTS:**  \n- The table of contents is unnecessary for a 500-word essay. Remove it or integrate headings into the body.  \n- The ""Movies in the American Society"" and ""Themes"" sections overlap. Merge them under a single heading (e.g., ""Historical and Thematic Evolution"") for cohesion.  \n- The conclusion repeats points from earlier sections without synthesizing new insights. End with a forward-looking statement (e.g., how modern streaming platforms continue shaping culture).  \n- Works Cited formatting is incorrect (missing italics for book titles, inconsistent punctuation). Follow MLA/APA guidelines strictly.  \n']"
45	0.75	"['  \n**CONTENT IMPROVEMENTS:**  \n- The introduction sets up the topic well but could better define ""earnings management"" upfront for clarity.  \n- The hypothesis section is logically structured but could elaborate on why meeting benchmarks is so critical (e.g., market reactions, investor trust).  \n- The ""Results"" section is underdeveloped—expand on the two methods (real economic actions vs. accruals) with examples or case studies.  \n- The conclusion is abrupt; it should synthesize key findings and suggest implications for policy or future research.  \n\n**LANGUAGE IMPROVEMENTS:**  \n- Some sentences are awkwardly phrased (e.g., ""not exceeding it for more than 1%"" → ""exceeding it by no more than 1%"").  \n- Redundancies: ""the factor of"" is overused (e.g., ""the factor of the availability"" → ""the availability"").  \n- Passive voice weakens impact (e.g., ""can be interpreted"" → ""suggests"").  \n- Define technical terms like ""accruals"" for broader readability.  \n\n**STRUCTURE IMPROVEMENTS:**  \n- The ""Results"" section feels disjointed; integrate it more smoothly with the hypothesis (e.g., link findings back to incentives).  \n- Subheadings (e.g., ""Hypothesis Development"") could be more engaging (e.g., ""Motivations Behind Earnings Management"").  \n- Works Cited should follow a consistent format (e.g., italics for journal titles, proper hanging indents).  \n- Add a brief methodology section to clarify data sources/analysis techniques.  \n']"
46	0.8	"['  \n**CONTENT IMPROVEMENTS:**  \n- The checklist is useful but could be integrated more smoothly into the discussion rather than presented as a standalone element.  \n- The analysis of strengths (e.g., leadership, mutual trust) is strong, but the weaknesses (e.g., lack of communication, adaptability) need more elaboration. Provide specific examples or scenarios to illustrate these gaps.  \n- The references are well-chosen, but the essay could further engage with opposing viewpoints or alternative frameworks for teamwork evaluation.  \n\n**LANGUAGE IMPROVEMENTS:**  \n- Some sentences are overly repetitive (e.g., ""team members"" appears frequently). Vary phrasing (e.g., ""colleagues,"" ""staff,"" ""group participants"").  \n- Avoid passive constructions like ""can be improved"" → ""requires improvement"" or ""should be addressed.""  \n- Replace vague terms like ""very effective"" with precise descriptors (e.g., ""consistently achieves core objectives"").  \n\n**STRUCTURE IMPROVEMENTS:**  \n- The transition from the checklist to the analysis feels abrupt. Add a brief introductory sentence to bridge these sections.  \n- Group related KSAs (e.g., communication and feedback exchange) to streamline the discussion.  \n- The conclusion is abrupt. Summarize key takeaways and propose actionable steps (e.g., ""To address communication gaps, the team could implement weekly debriefs"").  \n']"
47	0.75	"['  \n**CONTENT IMPROVEMENTS:**  \n- The analysis of Airborne’s international strategy is descriptive but lacks critical engagement. For instance, while the essay mentions the company’s reliance on strategic alliances, it doesn’t thoroughly assess the risks or limitations of this approach (e.g., dependency on partners, loss of control).  \n- The discussion of globalization’s impact is generic. Adding specific examples of how Airborne adapted to cultural or regulatory challenges in key markets (e.g., Japan, Europe) would strengthen the argument.  \n- The conclusion repeats points made earlier without synthesizing new insights. A stronger conclusion could summarize key takeaways or suggest future implications for similar companies.  \n\n**LANGUAGE IMPROVEMENTS:**  \n- Some phrases are awkward or redundant (e.g., ""secure a global market share"" → ""expand its global market share""; ""well aligned with the need for increasing"" → ""aligned with boosting"").  \n- Overuse of passive voice (e.g., ""it was necessary"" → ""necessary""; ""services would be held"" → ""services were held""). Active voice would improve clarity.  \n- Inconsistent tone: Shifts between formal academic style (""suffices to conclude"") and informal phrasing (""In my point of view""). Stick to a consistent academic register.  \n\n**STRUCTURE IMPROVEMENTS:**  \n- The introduction could better outline the essay’s scope. Instead of stating ""this paper only offers an analytical discussion,"" specify the key themes (e.g., alliances, cost strategies) to guide the reader.  \n- Transitions between sections are abrupt. For example, the jump from ""International Operation"" to ""Strategies"" needs a bridging sentence to connect the ideas.  \n- The ""Strategies"" section could be subdivided into clearer subsections (e.g., ""Internationalization"" and ""Strategic Alliances"") with headings for better flow.  \n- The Works Cited format is incomplete (missing publisher details for Hill’s source). Ensure all citations follow a consistent style (e.g., APA or MLA).  \n\n']"
48	0.75	"['  \n**CONTENT IMPROVEMENTS:**  \n- The case study is relevant, but the analysis could delve deeper into how the theory specifically alleviated stress for Martin’s family. Provide more concrete examples of interventions and their outcomes.  \n- The references are dated (e.g., 2003, 2010); include more recent sources to strengthen credibility.  \n- The abstract is overly simplistic and could better summarize the paper’s key findings or conclusions.  \n\n**LANGUAGE IMPROVEMENTS:**  \n- Avoid repetitive phrasing (e.g., ""the family members"" is overused; vary with synonyms like ""relatives"" or ""caregivers"").  \n- Some sentences are awkwardly constructed (e.g., ""It was my duty to encourage them to consider dementia as a treatable disease""). Revise for clarity and conciseness.  \n- Minor grammatical errors (e.g., ""one the best models"" → ""one of the best models""). Proofread carefully.  \n\n**STRUCTURE IMPROVEMENTS:**  \n- The transition between sections is abrupt. Use subheadings (e.g., ""Case Study Background,"" ""Application of Theory,"" ""Outcomes"") to improve flow.  \n- The conclusion is weak. Summarize key takeaways and reflect on the broader implications of the theory’s application.  \n- The reference list formatting is inconsistent (e.g., ""San Fransisco"" → ""San Francisco""). Follow a standardized citation style (APA, MLA, etc.).  \n']"
49	0.68	"['  \n**CONTENT IMPROVEMENTS:**  \n1. **Comparative Analysis:** The essay promises a comparison between the U.S. and South Africa but devotes minimal space to the U.S., focusing almost entirely on South Africa. Expand the comparative framework with specific examples (e.g., racial segregation in the U.S. vs. apartheid’s legacy).  \n2. **Thesis Clarity:** The introduction mentions ""values and norms"" but the discussion is scattered. A clear thesis (e.g., ""This paper argues that post-apartheid South Africa’s cultural fragmentation contrasts with the U.S.’s relative integration despite shared diversity"") would anchor the analysis.  \n3. **Source Integration:** Citations are sparse and often outdated (e.g., Fleisher, 1995; Hein, 1987). Use recent, authoritative sources (e.g., post-2010) to strengthen claims, especially on contemporary issues like ""brain drain.""  \n4. **Depth on Key Topics:** The apartheid section is strong, but other topics (e.g., religion, language) are superficial. For instance, explore how language policies affect education or governance.  \n\n**LANGUAGE IMPROVEMENTS:**  \n1. **Grammar/Clarity:** Fix errors like ""counties history"" → ""countries’ history,"" ""analysis will incomplete"" → ""analysis will *be* incomplete,"" and ""people of different origins languages and religions"" → ""people of different origins, languages, and religions.""  \n2. **Word Choice:** Replace vague phrases (e.g., ""it goes without saying"" → delete; ""extremely complex"" → ""multifaceted""). Avoid repetitive adverbs (""very,"" ""extremely"").  \n3. **Conciseness:** Tighten verbose sentences (e.g., ""It should be also taken into account that..."" → ""Notably, South Africa..."").  \n4. **Tone:** Shift from informal (""speak about"") to academic (""examine,"" ""analyze"").  \n\n**STRUCTURE IMPROVEMENTS:**  \n1. **Organization:** The essay jumps between topics (politics → apartheid → population → religion). Group related ideas (e.g., apartheid’s legacy under ""History,"" religion/language under ""Culture"").  \n2. **Transitions:** Add signposts (e.g., ""Having discussed apartheid’s history, we now turn to its cultural impacts..."").  \n3. **Conclusion:** The ending is abrupt. Summarize key comparisons and restate the thesis.  \n4. **Paragraph Flow:** Some paragraphs are overly long (e.g., the population section). Split into focused paragraphs (e.g., one on racial demographics, another on urbanization).  \n']"
