	essay_id	score	feedback
0	80	0.45	"['\nCONTENT IMPROVEMENTS:\n- The author must support his arguments with credible sources or evidence. For instance, they could mention studies that show a correlation between computer usage and health issues or declining sports participation.\n- The introduction could be stronger by stating more clearly why the author believes computers are not beneficial.\n- The basis for arguments is very broad. Focusing on more specific facets of society affected by computer use could strengthen the argument.\n- Instead of generalizing that computers are pulling children away from sports, providing certain scenarios or examples would lend more credibility to the argument.\n\nLANGUAGE IMPROVEMENTS:\n- Many spelling mistakes should be corrected - \'donot\' should be \'do not\'; \'stoping\' should be \'stopping\'; \'bitting\' should be \'hitting\'; \'aspact\' should be \'aspect\'; \'olny\' should be \'only\'; \'togther\' should be \'together\'; \'exprience\' should be \'experience\'; and \'@CAPS3\' and \'@CAPS5\' should be replaced with appropriate words.\n- Proper sentence construction should be observed for clarity and improved readability  (e.g., ""Computers do not benefit us because they prevent many people from exercising and leading a healthy life."")\n- Commas and periods are missing after several sentences, disrupting the flow of thoughts.\n\nSTRUCTURE IMPROVEMENTS:\n- Consider a stronger progression of arguments from the introduction to the body, and finally, the concluding statement.\n- The main points discussed in the body of the essay should be summarised in the conclusion.\n- The text should be divided into paragraphs according to the points discussed for better readability.\n- Arguments could follow a structure where a point is stated, elaborated, and then supported with evidence or examples.\n']"
1	102	0.55	"['\nCONTENT IMPROVEMENTS:\nThe essay could do with more specific details and elaboration in defending the benefits of using computers. For instance, regarding the point on using computers for chats, examples of situations where online communication has proven beneficial could have been included. Supporting evidence and statistics can make the argument much stronger and more persuasive. Arguments about learning and hand-eye coordination could also be bolstered with further explanation.\n\nLANGUAGE IMPROVEMENTS:\nThe level of conversation is quite relaxed, with a few errors in sentence construction and grammar. Word choices can be more sophisticated to better persuade the reader. Careful attention to spelling (i.e. ""wisly"" should be spelled ""wisely"") and punctuation will help improve readability. \n\nSTRUCTURE IMPROVEMENTS:\nThe essay needs clearer paragraphing, improved transitions, and a more coherent structure overall. Each paragraph should focus on a different point to argue the essay\'s thesis. The conclusion sums up the opinion adequately, but it might help to be more definitive in stating the main point. Consider offering a recap of main points to fortify the overall argument. \n']"
2	133	0.4	"['\nCONTENT IMPROVEMENTS:\nThe writer needs to further develop their argument with more concrete evidence and detailed examples. Their point about time wasting can be improved by providing more specifics about how computer use leads to procrastination. On the topic of health, besides exercise, the writer should also discuss other potential hazards of prolonged computer use like eye strain and poor posture. When discussing personal relationships, the author could provide statistics or studies to strengthen their argument.\n\nLANGUAGE IMPROVEMENTS:\nThe essay contains numerous grammatical and spelling mistakes, such as \'attracks\' instead of \'attracts\', \'your\' instead of \'you\'re\', and \'palying\' instead of \'playing\'. Additionally, the language used is informal and lacks professionalism, for instance phrases like ""the healthier you are the hotter you\'ll be"". The writer needs to use more sophisticated and formal language in line with the format and purpose of a newspaper opinion piece.\n\nSTRUCTURE IMPROVEMENTS:\nThe essay\'s structure is loose and confusing. The writer veers off the computer topic and delves into unrelated topics like pet care. The transitions between different points are abrupt and disjointed, failing to smoothly guide the reader through the argument. Revisiting and streamlining the overall structure would improve the essay greatly. Each paragraph should focus on a single topic, followed by a transition that links it to the next point in a logical manner.\n']"
3	157	0.43	"['\nCONTENT IMPROVEMENTS:\n- The argument should be balanced by acknowledging the benefits of computers alongside the outlined drawbacks to create a more nuanced perspective.\n- Incorporate credible data or studies to support claims about obesity, cardiovascular problems, and the impact of social media on language skills to enhance the essay\'s credibility.\n- Examples provided need to be more specific and relevant to the thesis statement to effectively persuade the audience.\n\nLANGUAGE IMPROVEMENTS:\n- Spelling and grammar errors are rampant and distract from the message. Attention to correct spelling, proper grammar, and punctuation is critical for clarity and professionalism.\n- The essay could benefit from a more formal tone. Avoid colloquialisms and informal language to maintain the serious nature of the topic.\n- Consistent and proper use of technical terms related to computer usage and its impacts would enhance articulation. For example, instead of ""horrible speaking,"" use ""decline in verbal communication skills.""\n\nSTRUCTURE IMPROVEMENTS:\n- The essay lacks a clear introduction, body, and conclusion structure. An introduction that clearly states the thesis followed by paragraphs that each address a single point, and a summarizing conclusion would greatly improve readability and effectiveness.\n- Transition sentences between paragraphs are needed to guide the reader smoothly from one idea to the next.\n- Bullet points or numbered lists could help organize the various impacts discussed, making the essay more reader-friendly.\n']"
4	158	0.45	"['\nCONTENT IMPROVEMENTS:\n- Address counterarguments to provide a more balanced and persuasive argument. Acknowledge concerns about excessive computer use and offer solutions or rebuttals.\n- Include more detailed examples and statistics to strengthen the case for the benefits of computers. Instead of general statements, provide specific instances where computers have directly benefited businesses, educational pursuits, or communication.\n\nLANGUAGE IMPROVEMENTS:\n- Correct spelling errors (""benefil"" should be ""benefit,"" ""buisnesses"" should be ""businesses,"" ""recieve"" should be ""receive,"" etc.) to enhance credibility.\n- Use more sophisticated vocabulary to improve the essay\'s impact. For example, instead of saying ""Computers help businesses thrive,"" you could say, ""Computers significantly enhance the operational efficiency and global reach of businesses.""\n- Ensure proper use of punctuation and capitalize proper nouns and the beginning of sentences consistently.\n\nSTRUCTURE IMPROVEMENTS:\n- Organize the essay into clear paragraphs, each focusing on a different aspect of how computers benefit society (e.g., one paragraph for business, another for personal communication, another for accessing information). This will improve the essay\'s readability and effectiveness.\n- Introduce the essay with a strong thesis statement that clearly identifies the essay\'s position on the prompt. Conclude with a compelling summary that reinforces this position and calls the reader to action or reflection.\n- Employ transitional phrases to smoothly connect ideas between paragraphs and within paragraphs, signaling to the reader how different points relate to each other and to the overall argument. ']"
5	168	0.6	['\nCONTENT IMPROVEMENTS:\nThe content could be improved by including statistical data or research to back up your arguments. Furthermore, clearer elaboration of the subjects within the argument could be beneficial, for instance, discuss the specific benefits that computers bring within education and jobs, rather than making broad statements. They could also have further enlightened on the negative side of the argument as the prompt suggests instead of just addressing the positives.\n \nLANGUAGE IMPROVEMENTS:\nThere are numerous grammatical and spelling errors throughout the essay. Correct usage of words, proper spelling, capitalization, punctuation, and attention towards sentence construction could dramatically improve the quality of the essay. Also, use of complex sentences and more sophisticated vocabulary could upgrade the standard.\n\nSTRUCTURE IMPROVEMENTS:\nThe structure of the essay could be improved by including an introduction and conclusion which adequately summarize the main points of the essay. The transition between ideas could be smoother. The author could use topic sentences at the beginning of each paragraph to more effectively guide the reader through their ideas.\n']
6	178	0.25	"['\nCONTENT IMPROVEMENTS:\nThe essay should provide a clearer standpoint on the topic. Currently, the essay seems to be against the use of computers, but specific reasons that are grounded in research or personal experience should be provided. References to vague dangers like ""dangerous chat rooms"", ""lies"", and ""false information"" should be backed up with more concrete examples or evidence. The arguments should be focused and related to the prompt given - in this case, the positive and negative effects of computers on society. \n\nLANGUAGE IMPROVEMENTS:\nThe essay contains numerous spelling and grammar errors which affect its readability. It is necessary to proofread the essay and correct these errors to ensure coherence and accuracy. Replace informal language with more formal, academic language suitable for a letter to a newspaper. Use of punctuation should also be appropriately applied to aid understanding.\n\nSTRUCTURE IMPROVEMENTS:\nThe current structure does not provide a clear flow to the arguments. The essay should start with an introduction that clearly states its position with respect to the topic and ends with a conclusion that ties all the arguments together, reflecting on the points made in the body of the text. Each paragraph should only cover one point, starting with a topic sentence that clearly states the argument of the paragraph, followed by the explanation or evidence supporting the argument.\n']"
7	200	0.4	"['\nCONTENT IMPROVEMENTS:\n- Provide concrete examples and statistics to back up claims about the benefits of computers. Mentioning a specific study or statistic (with a source, if possible) would lend credibility.\n- Diversify arguments to cover not only educational benefits but also social and professional advantages of computer use, reflecting a broader understanding of the topic.\n- Address potential counterarguments to present a balanced view. For example, acknowledge concerns about screen time and suggest moderation or solutions.\n\nLANGUAGE IMPROVEMENTS:\n- Correct misspellings (e.g., ""borught"" to ""brought"", ""dilema"" to ""dilemma"", ""proffestional"" to ""professional"") and homophone errors (""there"" to ""their"" when indicating possession).\n- Use more sophisticated vocabulary to articulate points more precisely and professionally. Avoid colloquialisms that detract from the academic tone of the essay.\n- Improve grammar, particularly subject-verb agreement, proper tenses, and sentence structure to enhance clarity and readability.\n\nSTRUCTURE IMPROVEMENTS:\n- Organize the essay into clear, separate paragraphs for introduction, each argument, and conclusion. Ensure each paragraph deals with one main idea to help the reader follow the argument.\n- Utilize transitional phrases between paragraphs and within paragraphs to guide the reader through the argument smoothly and logically.\n- Incorporate a strong thesis statement at the end of the introduction to clearly outline the essay\'s main argument and structure the subsequent paragraphs accordingly.\n']"
8	222	0.57	"[""\nCONTENT IMPROVEMENTS:\nThe points of argument can be developed further to provide a more in-depth analysis. For instance, the effects of computers on communication can be elaborated more, such as explaining the impact of instant and constant connectivity. Similarly, the argument about using computers for research and writing can include recent developments in online education and digital resources that aid learning.\n\nLANGUAGE IMPROVEMENTS:\nThe writing seems casual and informal, less suited to an essay format. Many sentences are imprecise or are grammatically incorrect. A more formal and polished language style would enhance the essay's persuasiveness. For instance, 'exersise' should be 'exercise', 'across town' could be rephrased to 'within the city', 'proud' should be 'provide', 'a check for mistakes' could be 'a grammar check' etc. Furthermore, the repeated use of '@' symbols is distracting and unprofessional. \n\nSTRUCTURE IMPROVEMENTS:\nThe essay could benefit from a stronger organizational structure. The introduction does not effectively outline the argument and the conclusion could be stronger in summarising the points made. Paragraph breaks should be used more effectively to separate different ideas or sections of the essay, improving readability. Finally, the paragraphs should ideally follow a 'point-evidence' model, where each point is followed by evidence or examples validating it. \n""]"
9	234	0.76	"['\nCONTENT IMPROVEMENTS:\nThe essay could provide a clearer and more direct address of the counter-arguments from those who believe computers have a negative effect on society. Concrete examples of how computers contribute to education, connection, and discovery would make for a more persuasive argument.  Also, try to offer more unique insights, less usual than communications, research, and learning about other places, which are commonly related to computers. \n\nLANGUAGE IMPROVEMENTS:\nThe writing is somewhat informal and could benefit from a more academic tone. Furthermore, the author should correct instances of incorrect capitalization and work on sentence construction and flow. Replace phrases like ""@CAPS2 family"" and ""one of those networks to @LOCATION1"" with more specific and correct terminology. \n\nSTRUCTURE IMPROVEMENTS:\nThe essay seems to flow from one idea to another without clear transitions. Implementing transition phrases will increase the coherence of the essay. Additionally, drafting a more impactful conclusion is recommended, where you restate your opinion and summarize your points persuasively. The utilization of subheadings is also suggested to give structure to the different arguments presented.  \n']"
10	264	0.55	"[""\nCONTENT IMPROVEMENTS:\nThe essay does address the topic and offers relevant arguments, but some of the arguments are unnecessarily repetitive. Aim to provide different, well-developed arguments. Your friends, research, and your mother all say largely the same thing. Evidence could be offered in each case to make the arguments more compelling. For example, instead of just saying that research has proven that computers are bad for your health, provide statistics or concrete examples to back up your claim. \n\nLANGUAGE IMPROVEMENTS:\nThe essay contains numerous spelling and grammatical errors, which makes it difficult to read. Also, some sentences do not make sense because they seem to be incomplete or lack necessary punctuation. For future writing, proofread carefully to correct these issues. \n\nSTRUCTURE IMPROVEMENTS:\nThe structure of your essay is muddled because it isn't clear where one argument ends and the next one begins. Each paragraph should have a topic sentence and refer to one main argument. Make sure that each paragraph centers on a single idea and that the ideas logically flow from one to another. Provide a conclusion that clearly summarizes and brings together all your arguments.\n""]"
11	297	0.5	"[""\nCONTENT IMPROVEMENTS:\nThe essay lacks clear details and specific examples on how computers benefit the society. For instance, when mentioning online chat rooms and internet benefits, provide specific examples and scenarios to further support your argument. Additionally, the closure needs to wrap up the argument and restate the main points succinctly. Also, when providing counterarguments, you should give a more convincing rebuttal than suggesting purchasing an indoor jogger to combat lack of physical activity. \n\nLANGUAGE IMPROVEMENTS:\nThe essay needs considerable improvement in terms of grammar, vocabulary, and sentence structure. There are numerous spelling mistakes (e.g., 'internat' instead of 'internet', 'benifits' instead of 'benefits', 'boest' instead of 'boost') which detract from the reader's comprehension. Moreover, certain phrases don't make sense or don't convey the intended meaning clearly (e.g., 'computers have online', 'computers benefit what the help'). Such instances should be revised to improve clarity and precision.\n\nSTRUCTURE IMPROVEMENTS:\nThe overall structure of the essay could be improved. Your points need to be more clearly defined and separated, and each paragraph should focus on one main idea. This would make it easier for the reader to follow your line of reasoning. Also, the opening statement lacks a clear thesis statement and the conclusion doesn't summarize the argument effectively. Both these aspects need to be addressed to provide a clear roadmap for the essay and to reinforce your argument.\n""]"
12	404	0.64	"['\nCONTENT IMPROVEMENTS:\nThe essay does a good job of using everyday scenarios to illustrate the benefits of computers, however, these points could be developed and explored further. The author\'s perspective on how computers can be valuable in different contexts - such as checking the weather, filing systems in business and schools, communicating with faraway relatives - is clear, but the examples given could be expanded upon to provide a more persuasive argument.\n\nLANGUAGE IMPROVEMENTS:\nThe essay contains several typographic errors, such as, ""posotive"" which should be ""positive"" and ""buisness"" should be ""business"". Punctuation and capitalization errors (\'@CAPS1\', \'@CAPS2\',\'@MONTH1\') are also present and should be corrected. Also, be mindful of run-on sentences which make the essay difficult to read.\n\nSTRUCTURE IMPROVEMENTS:\nThere\'s no clear separation between the several points being made – at the very least, each key point (the convenience of computers, job/business functionality, interpersonal relations benefitting, usage in an outdoor environment) should have its own paragraph. This would also give the opportunity to expand on each point individually and provide a more sophisticated and persuasive argument. Furthermore, the introduction could be made stronger by directly addressing the prompt, and the concluding paragraph could be developed to summarize the essay\'s key points and provide a final convincing statement on the subject.\n']"
13	411	0.68	"['\nCONTENT IMPROVEMENTS:\nThe author provided clear arguments regarding eye health, social interaction, and an unhealthy lifestyle related to computer use. However, the claims were not adequately supported with well-researched statistics or evidence. For example, vague mentions of studies or pervasive statements like ""common citizens"" or ""average people"" lessen the credibility of the arguments. Be more precise – talk in specific terms, naming the studies or the scientists who conducted them, giving exact numbers, etc. \n\nLANGUAGE IMPROVEMENTS:\nThe language of the essay can be improved significantly to ensure clarity and impact. The essay\'s tone and language are inconsistent with some overuse of informal terms like \'boxes\' or \'cootraptions\' to refer to computers. It distracts rather than adds to the argument. Also, watch out for typos such as \'@MONTH1.\' Rectify these mistakes to make the text more professional. \n\nSTRUCTURE IMPROVEMENTS:\nThe essay is structured with clear sections, but the transitions between arguments could be smoother. Additionally, the introduction could better outline the main arguments to be discussed, and the conclusion could be more impactful by summarizing the arguments and emphasizing the author\'s stance. \n']"
14	429	0.47	"['\nCONTENT IMPROVEMENTS:\n- The essay should incorporate more specific examples and evidence to substantiate the claims about the benefits of computers. For instance, citing studies or statistics on how computers improve learning outcomes or facilitate connections could enhance the argument’s credibility.\n- Addressing counterarguments would strengthen the essay. Acknowledging concerns about excessive screen time and then providing reasoned counterpoints would show a deeper understanding of the issue and make the persuasion more effective.\n\nLANGUAGE IMPROVEMENTS:\n- The essay suffers from grammatical and spelling errors (""their helpful"" should be ""they\'re helpful,"" ""acession"" should be ""recession,"" and ""schoold"" should be ""schools""). These need to be corrected for clarity and professionalism.\n- The tone is too informal for a persuasive essay intended for a newspaper. Phrases like ""Thing about! Don\'t you think so?"" should be replaced with more formal expressions and a more structured argument.\n\nSTRUCTURE IMPROVEMENTS:\n- The essay lacks a clear introduction and conclusion. It should start with a strong thesis statement outlining the main argument and end with a conclusion that summarizes the key points and reinforces the essay\'s position.\n- Transitional phrases and a more logical progression of ideas would improve the essay\'s readability and coherence. Organizing the essay into clear paragraphs, each addressing a single point, would greatly enhance its structure.\n']"
15	509	0.45	"['\nCONTENT IMPROVEMENTS:\n- The essay should include more specific examples and evidence to support its claims about the negative effects of computer usage, such as citing studies on screen time and mental health or providing statistics about reduced physical activity and social interaction.\n- Addressing counterarguments would strengthen the essay’s persuasive power. Acknowledging the positive aspects of computer use, then explaining why the negatives outweigh these could present a more balanced argument.\n\nLANGUAGE IMPROVEMENTS:\n- The essay is riddled with typographical and grammatical errors that severely impede readability. A thorough proofreading is essential to correct mistakes such as ""the seek comfort from the web"" instead of ""they seek comfort from the web,"" and ""perends"" which is likely intended to be ""parents.""\n- The language used is informal and lacks the sophistication expected in a persuasive essay. Phrases like ""nobody lasts forever and your time with once everyday"" are confusing and need rephrasing for clarity. The essay should adopt a more formal tone to convey its arguments effectively.\n\nSTRUCTURE IMPROVEMENTS:\n- The organization of the essay is chaotic, making it difficult for readers to follow the argument. Introducing a clear introductory paragraph that outlines the main points would provide a roadmap for the reader.\n- Each paragraph should focus on a single main idea or reason supporting the thesis. For instance, one paragraph can discuss the social impact, another on health concerns, and a third on addiction and its consequences, each with clear topic sentences.\n- Concluding the essay would benefit from a succinct summary of the critical points made, along with a strong closing statement that reiterates the position and encourages readers to consider reducing their screen time for their well-being.\n']"
16	533	0.65	[]
17	537	0.43	"['\nCONTENT IMPROVEMENTS:\n- The essay would benefit from incorporating reputable sources or studies to support its claims about the benefits of computers, such as their role in improving hand-eye coordination, increasing job opportunities, and enhancing educational outcomes. This addition would lend credibility to the arguments presented.\n- The claims made about computers aiding in learning and job procurement are too broad and require specific examples or scenarios where technology directly contributed to these outcomes.\n- Addressing potential counterarguments, such as the concern over excessive screen time or the digital divide, would provide a more balanced perspective and demonstrate a deeper understanding of the issue.\n\nLANGUAGE IMPROVEMENTS:\n- The essay contains multiple spelling and grammatical errors that need to be corrected. For instance, ""Will I disagree"" should be ""Well, I disagree,"" and ""Haveing computers helps"" should be ""Having computers helps.""\n- The use of informal language and text speak (e.g., ""babys"" instead of ""babies,"" ""sce"" instead of ""science"") undermines the professional tone expected in such a letter. Adopting a more formal tone would significantly improve the essay\'s impact.\n- Consistent use of the correct terminology and punctuation marks would enhance clarity. For example, ""hand eyes coordination"" should be ""hand-eye coordination,"" and proper usage of commas and periods would help delineate thoughts more clearly.\n\nSTRUCTURE IMPROVEMENTS:\n- The essay lacks a clear introduction and conclusion that respectively outline the argument and summarize the main points. Incorporating these elements would provide a roadmap for the reader and reinforce the argument\'s key points.\n- Organizing the essay into distinct paragraphs for each argument or point, with appropriate transitional phrases between paragraphs, would significantly improve the flow and coherence of the narrative.\n- Bullet points or numbered lists could effectively highlight the key benefits of computers as mentioned in the essay, providing a quick reference for readers and making the argument more digestible.\n']"
18	629	0.35	['\nCONTENT IMPROVEMENTS:\nThe content needs to be more focused and logically developed. Discussing a single point in each paragraph would streamline the arguments. Provide specific examples of how computers have made learning easier or how they have helped to locate missing persons. The tone is rather informal for a letter to a newspaper, try to maintain a formal and professional tone throughout. \n\nLANGUAGE IMPROVEMENTS:\nThere are a lot of spelling, punctuation, and grammatical errors which make the essay difficult to understand. Revisit your essay and ensure that each sentence makes sense, has the correct structure and is error-free. Some phrases seem incomplete or disjointed from the rest of the sentence. Ensure that all sentences are comprehensive and convey a complete thought.\n\nSTRUCTURE IMPROVEMENTS:\nThere should be clear introduction, body, and conclusion paragraphs. The introduction can be more engaging and should clearly outline the three main points that will be discussed in the body of the essay. Each body paragraph should focus on one main point and provide support and examples for that point. The conclusion should succinctly summarize the main points and call the reader to action or detail the potential benefits of the solution provided.\n']
19	657	0.55	"[""\nCONTENT IMPROVEMENTS: \nThe essay could benefit from more detailed examples and a deeper exploration into the advantages of computer usage. The arguments about learning from different cultures, communication, and understanding global issues are valid, but they need to be developed and presented with more complexity. For instance, the essay could have talked about specific online resources that provide cultural education, or detailed instances where communication via a computer brought significant benefits. \n\nLANGUAGE IMPROVEMENTS: \nThroughout the essay, there are numerous spelling and grammar mistakes. For example, 'thet' should be 'they', 'well friends' should probably be 'good friends', and more. Punctuation is also lacking in some parts of the text. The writing style appears casual which reduces its overall impact. The writer should use more formal language to suit the nature of the essay. \n\nSTRUCTURE IMPROVEMENTS: \nThe singular body paragraph is too long, making the essay look disorderly and hard to follow. Breaking it into several paragraphs, each dealing with a separate argument, would make the essay more coherent and readable. The essay would also greatly benefit from including an introduction that outlines what the discussion will be about and a conclusion summarizing the discussion and the writer's stance on the matter. \n""]"
20	749	0.79	"['\nCONTENT IMPROVEMENTS:\nThe essay\'s arguments would be more persuasive with stronger evidence and deeper analysis. Bringing in statistics or factual information could bolster the points about computers saving time, serving as recreational tools, and providing an easier way to complete school projects. Additionally, considering the opposing view on the topic could help to strengthen the argument that computers benefit society. \n\nLANGUAGE IMPROVEMENTS:\nUsing more sophisticated vocabulary and varying sentence structure could greatly improve the tone of the essay. Additionally, strive for a more formal and less conversational tone by avoiding questions and exclamatory statements. There are also a few instances where the essay lapses into colloquial language (""I just think that that is a waste of time,"" ""Who wants to do that?""). \n\nSTRUCTURE IMPROVEMENTS:\nThe essay could benefit from a more dynamic introduction to immediately engage the reader. Consider opening with a compelling fact or statistic about computer use instead of a rhetorical question. Also, each paragraph should be more coherently connected to the next, progressing logically from point to point. A clear conclusion that succinctly restates the main arguments and leaves the reader with a lasting impression would also enhance the essay\'s effectiveness. \n']"
21	786	0.62	"[""\nCONTENT IMPROVEMENTS:\nThe arguments in favour of computers need more solid reasoning. For example, while it is said that computers are helpful for research, the writer should provide specific examples or tell a personal story to make a convincing point. The essay also fails to address the prompt's viewpoints about possible negative effects of computers, which means the argument isn't fully formed.\n\nLANGUAGE IMPROVEMENTS:\nThe essay contains several grammatical errors that interfere with understanding. For instance, 'reakquainted with a old friends' should be 'reacquainted with old friends.' Also, the punctuation is inconsistent and incorrect at places. It is also important to use formal language while writing an essay, avoiding contractions like 'isn't' and 'don't.' Instead, use 'is not' and 'do not.'\n\nSTRUCTURE IMPROVEMENTS:\nThe structure could be more persuasive. The essay does not clearly state its main argument, which should usually be in the first paragraph. Its points are not laid out effectively, and it lacks clear transitions between paragraphs. It also doesn't contain a conclusion summarizing the main points and restating the argument. The writer could benefit from organizing the essay into introduction, body (with each paragraph discussing a single point), and conclusion. \n""]"
22	815	0.45	"['\nCONTENT IMPROVEMENTS:\n1. Try to provide clear, well-substantiated arguments, backed with real-world examples rather than hypothetical scenarios.\n2. While your argument focuses on health, family time, and cost, these points need to be explained more thoroughly and supported by data or research.\n3. Avoid phrases that are offensive or disrespectful, like ""you\'d be dead"". Instead, argue that health can deteriorate without maintaining a balanced lifestyle.\n5. Give more context to the quotes from @PERSON1 and the anonymous individuals, and remember to properly attribute these quotes for credibility.\n\nLANGUAGE IMPROVEMENTS:\n1. Ensure correct use of punctuation. Unnecessary use of ""&"" and ""@"" symbol is incorrect and looks unprofessional.\n2. Avoid using informal, colloquial language in an argumentative essay.\n3. Be cautious about typographical errors (e.g., ""loose"" should be ""lose""; ""ther"" should be ""there"").\n4. Improve your choice of words for a more coherent and persuasive argument.\n\nSTRUCTURE IMPROVEMENTS:\n1. Use paragraph breaks more effectively to separate your points about health, family time, and cost. This will improve the essay\'s flow and readability.\n2. Ensure your introduction and conclusion are strong and reinforce your argument. The conclusion lacks a clear summarizing point.\n3. In your introduction, provide a brief overview of the points you will discuss rather than jumping straight into the arguments.\n4. The transitions between sentences and paragraphs could be improved to maintain a better flow and coherence.\n']"
23	880	0.47	"['\nCONTENT IMPROVEMENTS:\nThe content of the essay needs expansion. You have given good examples to support your statements, but it lacks depth. Try to add more specific data, such as statistics or study findings, to reinforce your points. Be sure to discuss the potential negative impacts of extensive computer use to bring balance to your argument.  \n\nLANGUAGE IMPROVEMENTS:\nYour essay contains numerous spelling and grammatical errors. Phonetic spelling such as ""faw away places"" and ""collage"" instead of ""faraway places"" and ""college"" is a primary issue. Words are also missed out in phrases like ""@CAPS2 exsample."" Slang or informal language, such as ""quikck"" and ‘myspace,\' should be amended to maintain a formal tone. \n\nSTRUCTURE IMPROVEMENTS: \nThe essay does not flow smoothly due to abrupt transitions and insufficient linking phrases. There is need for an effective introductory paragraph that captures reader’s attention and clearly states your argument. Developing a solid thesis statement to lead your letter would be beneficial. Each paragraph should aim to discuss one main point and should be introduced and concluded appropriately. Lastly, a stronger concluding paragraph summarizing your arguments and giving a final thoughtful remark would enhance the readability of your essay. \n']"
24	910	0.45	"[""\nCONTENT IMPROVEMENTS:\nThe author needs to provide clearer and more elaborate reasons for the reliance on computers for social connections, education, and ease of life. While the author describes personal experiences of using computers, these points could be expanded to show how computers impact society as a whole rather than just the individual. Arguments need to be more specific and convincing, backed up by evidence and examples.\n \nLANGUAGE IMPROVEMENTS:\nThe essay is fraught with grammatical errors and awkward phrasing which hinders readability. For instance, 'computers have help man kinds' should be 'computers have helped mankind'. Also, 'you @MONTH1 use?' could be rephrased as 'may wonder how I use?'. There are also a number of typos and incoherences that should be fixed, such as 'a family' to 'my family', 'tem' to 'them', 'opoion' to 'opinion', and 'readier' to 'reader'. Consider using a more formal and academic tone as well, replacing colloquial expressions with proper words or phrases.\n\nSTRUCTURE IMPROVEMENTS:\nThe essay needs a more logical structure, with a clear introduction, body, and conclusion. The arguments are not well-organized as they jump from one topic to another without smooth transitions. A possible structure could be: introducing the topic in the beginning, then discussing the use of computers for staying in touch, followed by their role in education and wrapping up the essay with a succinct conclusion about the overall advantages of computers. Transition words should be added for a smoother flow of ideas.\n""]"
25	963	0.35	"['\nCONTENT IMPROVEMENTS:\nBe sure to clearly state your opinion and back it up with concrete evidence. Your argument seems to center on the idea that teenagers spend too much time on computers, often to the detriment of their face-to-face interactions, but this point is often obscured by unclear phrasing and missing information. The survey you conducted could be a strong piece of evidence, but you need to include clear details and figures to make it compelling.\n\nLANGUAGE IMPROVEMENTS:\nThere are numerous spelling and grammatical errors throughout the essay that make it difficult to understand. Take care to ensure each sentence is grammatically correct and that you are using the correct homophones (e.g. ""to"" and ""too""; ""their"" and ""there""). When referencing specific percentages, make sure they\'re included in the prose, as missing data (indicated by symbols such as \'@PERCENT1\') can confuse the reader.\n\nSTRUCTURE IMPROVEMENTS:\nThe essay lacks a clear structure, making it difficult to follow your argument. Consider a clear introduction where you state your thesis, followed by paragraphs that each tackle a different point in support of your thesis. In these paragraphs, avoid jumping from anecdotal evidence to survey results without clear transitions or explanations. Ending the essay with a clear conclusion that reinforces your main argument would also strengthen your piece.\n']"
26	999	0.7	"['\nCONTENT IMPROVEMENTS:\nThe writer could include references or empirical data to bolster their statements and make them more convincing. Some claims, such as the assertion about the positive impacts of computers on academic performance, lack empirical evidence. The author could also delve deeper into the negative side-effects of computer use, addressing the claims mentioned in the prompt more thoroughly before arguing against them.\n\nLANGUAGE IMPROVEMENTS:\nThe essay has several spelling and grammar errors that need correction. For instance, ""thee assignment"" should be ""the assignment"", ""boand paper"" should be ""bond paper"", and ""havinf simple ways"" should be ""having simple ways"". The phrase ""one fun website is that of \'youtube\'"" should be rephrased to ""one fun website is \'Youtube\'"". There are also several instances of incorrect or missing punctuation.\n\nSTRUCTURE IMPROVEMENTS:\nThe essay follows a logical structure, with each paragraph discussing a different aspect of the topic. However, the transition between paragraphs could be improved to enhance the flow of the essay. The introduction and conclusion could also be expanded to provide a more comprehensive overview and summary of the essay\'s key points respectively. The writer could consider addressing the counter-arguments for computer use before making their own case, to create a stronger argument structure.\n']"
27	1041	0.2	"[""\nCONTENT IMPROVEMENTS:\nThe essay should present compelling reasons or evidence supporting the idea that people should limit computer use. This could include referencing to studies or statistical data about the negative effects of excessive computer use on physical and mental health, social life, or daily productivity. The author also needs to clearly state their viewpoint at the beginning and maintain that throughout the essay. Moreover, there's need to connect their argument to the prompt, which asks for the effects of computer on people, not merely the amount of usage.\n\nLANGUAGE IMPROVEMENTS:\nThe writer should revise for grammatical correctness, vocabulary usage, and clarity of their sentences. Multiple sections contain run-on sentences, incorrect punctuation, and incorrect usage of contractions and possessive forms. The author should aim to express their views in complete sentences that clearly express one idea at a time. Avoid excessive usage of first person pronouns like 'I'. Incorrect usage of contractions and possessive forms ('it's' vs. 'its') should be fixed.\n\nSTRUCTURE IMPROVEMENTS:\nThe essay should follow a clear, logical structure - an introduction paragraph where the thesis statement is presented, body paragraphs where arguments and examples are provided, and a conclusion summarizing the main points and restating the thesis. Each paragraph should focus on one point, ideally introduced by a topic sentence. As currently written, the author's ideas seem haphazard and disjointed. The essay requires a significant revision to ensure all paragraphs and sentences are coherently linked. \n""]"
28	1042	0.6	"['\nCONTENT IMPROVEMENTS:\nThe writer should consider incorporating more experiences, such as personal anecdotes, relevant data or research studies, to support their arguments. The essay also feels one-sided and has room to acknowledge counter-arguments or different perspectives to make the argument more balanced and in-depth.\n\nLANGUAGE IMPROVEMENTS:\nThe language used in the essay is quite informal, with some errors in spelling and word choice that affect readability. The writer should aim for a more formal tone, correct spelling, and more varied vocabulary. Phrases like ""Believe it or not"" and ""I deffinately think"" make the text seem less professional and credible. \n\nSTRUCTURE IMPROVEMENTS:\nThe introductory paragraph could be more engaging to pull in readers. Also, the transitions between the paragraphs and ideas could be more fluid. The conclusion could better summarize the essay, providing a final thought or call to action for the reader to ponder. Also, each paragraph should focus on one particular benefit of computer use, rather than jumping between different points. \n']"
29	1049	0.42	"[""\nCONTENT IMPROVEMENTS:\nThe writer correctly identifies key benefits of computers and technology; however, it falls short of providing clear, compelling arguments. Use real-life examples and concrete facts to strengthen your arguments, essentially, show, don't tell. Also, avoid assuming your opinion is right for all, instead make your points persuasively. Additionally, address potential counterarguments to show that you've considered other perspectives.\n\nLANGUAGE IMPROVEMENTS:\nThe language used in the essay needs significant improvement. This includes addressing spelling errors, incorrect punctuation, word usage and capitalization issues. Avoid informal language and internet jargon like '@CAPS1'. Use formal language and appropriate tone for a letter to a newspaper. \n\nSTRUCTURE IMPROVEMENTS:\nThe essay's structure would benefit from a clear introduction, body, and conclusion format. Cohesive transitions between the different benefits discussed in the essay would improve its readability. Some paragraphs seemed to ramble and become confused, stick to one point per paragraph and follow a logical pattern. Develop an introductory sentence for each paragraph to present the main idea, followed by supporting sentences and a concluding sentence. Lastly, use more connective phrases for smooth transitions and make sure your points are arranged in a logical order that effectively develops your argument.\n""]"
30	1112	0.43	"['\nCONTENT IMPROVEMENTS:\nWhile the writer has made an effort to address the topic of how computers can benefit society, the ideas aren\'t well developed. There\'s repetition of the same points without further insights. For example, the same point about computers improving job prospects gets repeated without adding any substantial information. The writer could benefit from including more diverse reasons on how computer-use contributes to society, such as information access, online learning, and e-commerce. There should also be a clearer argument against potential criticisms of computer use, like reduced physical activity or excessive screen time. \n\nLANGUAGE IMPROVEMENTS:\nThe essay has significant issues with basic grammar, punctuation, and spelling that need addressing. Instances include ""belive"" should be ""believe"", ""alot"" should be ""a lot"", ""no"" should be ""know"", and ""decinte"" should be ""decent"". Furthermore, improve the use of formal tone and language. Phrases like ""so now lets see what you think"" and ""you no how to type"" are informally written and incorrect respectively.\n\nSTRUCTURE IMPROVEMENTS:\nThe essay lacks a clear introduction and conclusion. The writer could better present their perspective and set the direction of the piece with a clear statement of their opinion in the introduction and a conclusive summary of their argument at the end. Each point should ideally have its paragraph with proper transitions for better clarity and flow. The writer might also consider using numbered points or bullet points to break up their arguments for simplicity and readability. \n']"
31	1148	0.58	"['\nCONTENT IMPROVEMENTS:\nThe writer needs to deepen their argument by considering a counter-argument or addressing the potential downsides of Internet use. As it stands, the argument is one-sided and lacks depth. It might also be helpful to provide more specific examples to back up claims. \n\nLANGUAGE IMPROVEMENTS:\nThe writer should work on their grammar and spelling to create a more professional piece of writing. Using a spellchecker or proofreading the work could easily fix a number of these errors. Additionally, more formal and precise language should be used. Phrases such as ""Well with the you could find that answer in the blink of an eye"" confuse the reader and don\'t advance the argument.\n\nSTRUCTURE IMPROVEMENTS:\nThe writer should consider reorganizing their essay for clarity and effect. Right now, there is a lack of clear main points. The writer seems to jump from one idea to another in a disorganized manner. Utilising paragraphs to discuss separate points would greatly improve the readability of the essay. The conclusion is also ambiguous and doesn\'t effectively restate or summarise the main points of the essay. \n\n']"
32	1162	0.76	"[""\nCONTENT IMPROVEMENTS:\nThe essay would benefit from broader examples instead of just personal experiences. Currently, the arguments revolve around personal anecdotes about maintaining relationships and accessing school assignments. A wider range of points, such as computer usage in professional fields, technological advancements leading to new job opportunities, breakthroughs in medical science etc., would solidify the argument. Furthermore, try to address some of the critics' concerns like excessive computer usage leading to physical or mental health issues or the decline of face-to-face social interaction, and either refute them or suggest solutions to those issues. \n\nLANGUAGE IMPROVEMENTS:\nPay attention to capitalization and the rules of grammar regarding the use of periods and conjunctions. Erroneous usage of capital letters at the beginning of words and inconsistent punctuation disrupt usage occur frequently through the essay. Additionally, spelling corrections (e.g. 'benifical' to 'beneficial', 'cloths' to 'clothes') should be made. The language could be made more polished and sophisticated by expanding vocabulary and avoiding colloquial phrases.\n\nSTRUCTURE IMPROVEMENTS:\nThe essay follows the typical structure of an argumentative essay but the transitions between points are haphazard. Use transition phrases or words to ensure a smooth flow between paragraphs. Ensure that each paragraph has a clear topic sentence that summarizes the main point of the paragraph. The conclusion could be stronger and more summarising, restating the thesis and tying up the main points made in the essay together, perhaps even offering a vision of the future where computer usage is ubiquitous.\n""]"
33	1167	0.45	"['\nCONTENT IMPROVEMENTS:\n-The essay needs a clearer thesis statement that outlines the main points of the argument more distinctly. This will help to guide the reader through the points being made.\n-The writer should address counterarguments more thoroughly. Mentioning that some people think computers do not encourage physical activity is not enough. The essay needs to persuade skeptics by providing compelling reasons or data on why the positive aspects outweigh the negatives.\n-The essay lacks concrete examples and data to support claims. Adding specific studies, statistics, or real-life examples could strengthen the arguments presented.\n\nLANGUAGE IMPROVEMENTS:\n-The essay has multiple grammatical errors, including incorrect usage of homophones (e.g., ""there"" instead of ""their"") and punctuation misuse. Proofreading and correcting these errors will improve readability and professionalism.\n-The essay frequently uses casual language and slang (e.g., ""thing,"" ""ton more,"" ""teach hand eye coordination""). A more formal tone and precise vocabulary would better suit the essay format and audience.\n-The writing would benefit from varied sentence structure. Currently, many sentences are overly simplistic and do not demonstrate a range of linguistic capabilities.\n\nSTRUCTURE IMPROVEMENTS:\n-The essay lacks clear organization; it jumps from one idea to another without clear transitions. It should follow a logical order, possibly structured around three main points—learning opportunities, communication enhancements, and accessibility benefits—with each point fully developed before moving to the next.\n-The conclusion is abrupt and doesn\'t clearly summarize the discussed points or reinforce the thesis. Rewriting the conclusion to briefly restate the main arguments and emphasize the overarching stance would improve clarity and persuasiveness.\n-Opening with a strong introductory paragraph that sets the tone and presents the main arguments would help attract the reader\'s attention and set expectations for the essay.\n']"
34	1180	0.52	"[""\nCONTENT IMPROVEMENTS:\nThe writer needs to provide more specific arguments and evidence to support their claims. For example, they could include some statistical data or relevant research to prove that spending too much time in front of the computer is harmful. Discussing the topics in more depth would also improve the content. Instead of just talking about different exercises or ways to enjoy nature, the writer could elaborate on how these activities can benefit the individual, both physically and mentally.\n\nLANGUAGE IMPROVEMENTS:\nThe essay lacks proper grammar and spelling. For example, 'conbersation' should be 'conversation,' 'excersise' should be 'exercise,' and 'absoarb' should be 'absorb.' Apart from this, the use of informal language, like 'I don’t want to im in the middle of a game,' lowers the overall quality of the writing. Lastly, the writer should use more transitional phrases to improve the flow of the essay.\n\nSTRUCTURE IMPROVEMENTS:\nThe essay could be improved by using a clear introduction, body, and conclusion structure. Within the body, each paragraph should focus on one specific idea, which will both provide a clearer argument and also improve the flow of the essay. Also, the writer needs to work more on their ending, as the current conclusion doesn't wrap up the essay well. It should restate the writer's stance and summarize the main arguments, adding a call to action or a thought-provoking statement could also make the conclusion more effective.\n""]"
35	1185	0.48	"['\nCONTENT IMPROVEMENTS:\nThe writer needs to clarify the point they\'re trying to make. There is no clear stance on whether the use of computers is beneficial or detrimental for society. It may help to introduce the topic clearly at the beginning and elaborate throughout the essay. Examples seem to be scattered with no clear connection or consistency. The author should gather concrete, compelling examples that can solidify their stance and drive their point home. \n\nLANGUAGE IMPROVEMENTS:\nThe language use is poor and riddled with typographical and grammatical errors which make the essay difficult to comprehend. The phrase ""the computer is anything but bad"" could be re-worded for better clarity. The author frequently uses ""@"" symbols and short-form words, which makes the essay seem informal and unprofessional.\n \nSTRUCTURE IMPROVEMENTS:\nThe essay does not appear to follow a proper structure and the thoughts seem scattered. Consequently, this makes it difficult for readers to follow the writer\'s line of reasoning. The author should start with an introduction which gives the reader an idea of what the essay is about, then delve into the topic with a series of well-defined paragraphs, each one discussing a specific aspect of the topic, and finally sum up with a conclusion where they reiterate their stance. It might be helpful for the writer to state their opinion clearly in the first paragraph as the thesis statement, then use each subsequent paragraph to offer distinctive reasons or evidence that supports their thesis. \n']"
36	1187	0.45	"['\nCONTENT IMPROVEMENTS:\n- The essay should establish a clear thesis statement that presents the author\'s stance on the impact of computers on society. This can help in guiding the essay\'s direction.\n- Specific examples and evidence to back up claims about the benefits and disadvantages of computer use would strengthen the argument. For instance, citing studies or statistics on how computers enhance learning could be compelling.\n- The essay should address counterarguments. Acknowledging concerns about excessive computer use while providing solutions or mitigations would create a more balanced and persuasive argument.\n\nLANGUAGE IMPROVEMENTS:\n- The piece needs a thorough review for grammatical accuracy. Issues with sentence structure, subject-verb agreement, and punctuation are prevalent and detract from the essay\'s professionalism and clarity.\n- Replacing colloquialisms and casual phrases with more formal language would elevate the essay\'s tone, making it more appropriate for a newspaper audience.\n- Spelling and typographical errors, such as ""@PERCENT1"", ""@MONTH1"", ""@CAPS1"", should be corrected to enhance readability.\n\nSTRUCTURE IMPROVEMENTS:\n- An introduction that clearly outlines the points to be discussed, followed by coherent paragraphs each focusing on one main idea, would significantly improve the essay\'s organization.\n- Transitional phrases between paragraphs and within paragraphs would help the flow of the essay, making it easier for readers to follow the argument.\n- A conclusion that succinctly summarizes the key points made in the essay and reinforces the author\'s stance would provide a strong finish. This section should leave readers with a clear understanding of the author\'s position and why it is valid.\n']"
37	1213	0.5	"['\nCONTENT IMPROVEMENTS:\nThe author should use more specific examples and explain in detail how computers benefit society. For example, instead of simply stating that businesses use computers to work, it would be more effective to demonstrate how the use of computers has improved efficiency and effectiveness in business operations. The author could also address the counterarguments, demonstrating an awareness of differing viewpoints and contributing to a balanced debate.\n\nLANGUAGE IMPROVEMENTS:\nThe author has to pay attention to spelling and grammar as there are several errors, such as ""buisnesses"" should be ""businesses"", ""resturants"" - ""restaurants"", ""resrurants"" - ""restaurants"". It is also important to ensure the correct usage of punctuation and to avoid run-on sentences. Formal language and tone need to be maintained throughout the essay.\n\nSTRUCTURE IMPROVEMENTS:\nThe essay would benefit from a clear introduction that outlines the specific points that will be addressed, as well as a conclusion that effectively sums up the argument. The points in the body of the essay should be clearly separated and logically organized, which will make it easier for readers to follow the writer\'s reasoning. All points should directly support the thesis statement given in the introduction.\n']"
38	1216	0.68	"['\nCONTENT IMPROVEMENTS:\nThe writer needs to deepen their arguments with more impactful and concrete examples. For instance, the point about learning about faraway places can be linked to educational benefits and cultural awareness. The point about staying in touch with friends and family can be bolstered by mentioning situations like the pandemic where online communication has been vital. The writer could also address the counterarguments about exercising, enjoying nature, and face-to-face interactions by providing mitigating strategies or highlighting how technology also supports these activities.\n\nLANGUAGE IMPROVEMENTS:\nImproper usage of words, spelling mistakes, and lacking punctuation impairs the fluidity of the text. For instance, ""convinient"" should be ""convenient"", ""it keeps drippy"" should be ""it keeps dripping"" and ""buisnesmen"" and ""buisnes"" should be ""businessmen"" and ""business"". The use of contractions (""dont"", ""you\'ll"") should be avoided in formal writing. The possessive pronoun ""your"" should not be used in place of ""you\'re"". \n\nSTRUCTURE IMPROVEMENTS:\nAn introduction that presents the topic, and what is to follow in the rest of the essay would enhance the overall structure and give the reader a clear sense of the argument being presented. The body of the essay has to be more paragraphed, preferably each point in its own paragraph, followed by a distinct conclusion summarizing the argument and closing with a call to action. Additionally, using good transition words to connect each paragraph would enhance the flow of the essay and make the arguments more persuasive.\n']"
39	1227	0.35	"['\nCONTENT IMPROVEMENTS:\n- The essay should clearly state whether it views the effect of computers on society as positive or negative in the introduction, establishing a strong thesis statement.\n- Include specific examples and evidence to support claims about the effects of computers, such as citing studies or statistics on how computers have either improved learning outcomes or contributed to health issues.\n- Address counterarguments to show a balanced understanding of the issue. For example, if arguing that computers have a positive impact, acknowledge concerns about physical inactivity but provide evidence of the net benefits.\n\nLANGUAGE IMPROVEMENTS:\n- Correct spelling and grammar errors throughout the text. For instance, change ""technologys"" to ""technologies,"" “counsels” to “consoles,” and “helth” to “health.”\n- Use formal language appropriate for a letter to a newspaper, avoiding slang and ensuring sentences are complete and coherent.\n- Improve clarity by breaking long, run-on sentences into shorter, more digestible ones and by avoiding repetitive statements.\n\nSTRUCTURE IMPROVEMENTS:\n- Organize the essay into clear paragraphs, each addressing a central point. An ideal structure might include an introduction, several body paragraphs each focusing on a different aspect of the issue (e.g., learning benefits, health risks), and a conclusion that restates the thesis and summarizes the key arguments.\n- Employ transitional phrases to guide the reader between ideas smoothly, enhancing the overall flow of the essay.\n- The conclusion should not introduce new ideas but instead reinforce the arguments made, persuasively urging the reader to agree with the presented viewpoint.\n']"
40	1277	0.45	"['\nCONTENT IMPROVEMENTS:\nThe writer should include more concrete examples and factual information to bolster each point made in the essay. Rather than providing vague claims about the benefits of computers, it\'s more persuasive if you incorporate statistics or specific instances showing these benefits. For instance, how have computers improved education or what advancements in technology have led to easier communication?\n\nLANGUAGE IMPROVEMENTS:\nGrammatical errors and inconsistencies persist throughout the essay. A spellcheck or grammar tool could prove helpful to solve issues such as incorrect use of ""threw"" instead of ""through"", and ""beacuse"" instead of ""because"". Moreover, the use of colloquial phrases such as ""My opinion is that..."" and ""Thing about!"" do not suit the formal tone of a persuasive letter. Maintain a consistent and appropriate tone throughout the essay.\n\nSTRUCTURE IMPROVEMENTS:\nThe writer returns to the main point of ""computers benefit society"" too frequently, making the essay feel repetitive. A more effective approach would be to elaborate on each benefit in its own paragraph, then subtly remind the reader of the main points in the conclusion. The introduction and conclusion should be more compelling, with the introduction providing a hook and the conclusion offering a summarizing statement or call to action that resonates with readers. Lastly, transitional phrases or sentences between points are needed to create a breeze flow throughout the essay.\n']"
41	1335	0.57	"['\nCONTENT IMPROVEMENTS:\nYou should aim to provide more concrete examples and explanations to substantiate your points. For instance, when you talk about the ability to work anywhere, specify certain jobs or tasks which can be done remotely via a computer. Similarly, when you mention staying connected with family or learning about other places, cite specific programs or websites that enable such benefits, and illustrate with personal experiences if possible. Lastly, you could have briefly addressed the counter arguments (as cited in the prompt) and rebutted them to make your standpoint stronger.\n\nLANGUAGE IMPROVEMENTS:\nPay attention to your grammar, punctuation and spelling. For instance, ""anywere"" should be ""anywhere"", and ""abiity"" should be ""ability"". Be aware of unnecessary repetition of words. Also, replace contractions (like ""I\'am"") with their full forms (""I am"") in formal writing.\n\nSTRUCTURE IMPROVEMENTS:\nThe structure of your essay could be improved with clearer paragraph breaks, which would enhance the readability. For example, each of your main points (working anywhere, connecting with family, and learning about other places and people) could have their individual paragraph. Be sure to have a stronger and more persuasive conclusion, summarizing your arguments and urging the readers to agree with your standpoint. Also, opening the essay with a more formal greeting (i.e., ""Dear Editor"") would upgrade the professionalism.\n']"
42	1376	0.45	"[""\nCONTENT IMPROVEMENTS:\nThe essay should provide clearer and more substantial arguments for the negative effects of computers. Also, it should use evidence or examples to back up these claims. Mentioning about the inability to appreciate mother nature due to less outdoor activities could be connected to long-term structural changes, such as climate change, instead of merely referring to air conditioner usage. Also, the connection between computer use and lack of exercise can be better explained. \n\nLANGUAGE IMPROVEMENTS:\nProper spelling and grammar use are absolutely crucial in writing. There are numerous spelling and grammatical errors throughout the essay. For instance, 'negitive' should be 'negative', 'exersize' should be 'exercise', 'waching' should be 'watching', and 'wan't' should be 'won't'. The language used is also quite informal for an opinion-based essay and could use more professional terminology or language. \n\nSTRUCTURE IMPROVEMENTS:\nThe essay lacks clear structure and transitions making it hard to follow. The different reasons presented as to why computers have a negative effect should be better organized into distinct paragraphs. This will make the essay easier to read and understand, as well as make the argument more persuasive. Using more transitional phrases can also ensure the smooth flow of ideas in the essay.\n""]"
43	1388	0.45	"['\nCONTENT IMPROVEMENTS:\nThe writer needs to delve deeper into the reasoning behind their thoughts. For instance, the essay could benefit from more detailed and practical examples of how computers aid in teaching life skills or facilitating everyday tasks. Instead of making general statements about how computers help students in writing their reports, the writer could explain how the use of search engines, digital note-taking, and typing fosters efficiency and in-depth learning. Similarly, its impact on maintaining relationships could be elaborated with concrete examples of long-distance communication, sharing pictures/videos, etc.\n\nLANGUAGE IMPROVEMENTS:\nThere are multiple grammatical and spelling errors (e.g., ""knew"" instead of ""new"", ""alot"" instead of ""a lot""). Sentence structures are frequently awkward or improperly constructed; the writer should focus on creating a more natural and consistent flow to improve the quality of the essay. The language used is overly casual, which detracts from the argument\'s seriousness— formal and academic language would be more appropriate for the topic at hand.\n\nSTRUCTURE IMPROVEMENTS:\nThe essay lacks a well-defined structure. It could benefit from a more distinct introduction, body, and conclusion. While each paragraph begins with an argument point, they fail to expand with detailed explanation or clear, relevant examples. The paragraphs could be better segregated, each focusing on a unique point related to the broader argument to ensure a structured progression. Lastly, creating a compelling and concise summary in the conclusion would help bring the essay to a convincing close.\n']"
44	1476	0.35	"['\nCONTENT IMPROVEMENTS:\n- The essay should broaden its discussion to consider both the advantages and disadvantages of computer use, offering a more balanced perspective in line with the prompt’s request for persuasion.\n- More specific examples and evidence would strengthen the argument, such as statistics or studies showing the positive impact of computers on education or communication.\n\nLANGUAGE IMPROVEMENTS:\n- The essay is plagued by numerous spelling and grammatical errors (e.g., ""awair"" should be ""aware,"" ""computers does have"" should be ""computers do have""). These significantly detract from the readability and professionalism of the piece. \n- The tone is informal and somewhat inconsistent for a letter to a newspaper. Using a more formal and consistent tone would improve the essay\'s effectiveness.\n\nSTRUCTURE IMPROVEMENTS:\n- The essay lacks a clear introduction and conclusion. Including these would provide a better framework for the argument and offer a more persuasive appeal to the readers.\n- The organization of points feels haphazard. Restructuring the essay to introduce one main idea per paragraph, supported by examples or reasoning, would improve clarity and coherence.\n']"
45	1544	0.4	"[""\nCONTENT IMPROVEMENTS:\nThe writer needs to expand the essay scope by adding various implications of computer use like effects on social interaction, physical health, or mental wellbeing. The essay could benefit from using examples or statistics to support assertions. The writer needs to address both negative and positive effects of computer usage in order to make the argument more balanced and compelling. \n\nLANGUAGE IMPROVEMENTS:\nThe writer must work on avoiding repetition in wording and ideas. Using a wider vocabulary and varying sentence structure can make the piece more engaging and sophisticated. Implementing proper grammar, punctuation, and spelling are essential improvements needed to enhance readability and credibility.\n\nSTRUCTURE IMPROVEMENTS:\nThis essay lacks a clear structure. It could be organized into an introduction, body, and conclusion where each paragraph focuses on a single topic. The writer should incorporate better transitions between ideas and paragraphs to ensure a smooth flow of information and maintain reader engagement. The conclusion needs to summarize the key points and reaffirm the writer's stance in a strong, persuasive manner.\n""]"
46	1549	0.45	"['\nCONTENT IMPROVEMENTS:\nThe essay needs to clearly express the author\'s stance on the role of computers by providing well-explained, specific examples of both positives and negatives. Discussing tangible benefits and drawbacks would provide a more nuanced argument. Offering instances of how computers aid in organizing work, research, learning activities, and social interactions would fortify the argument. Only mentioning that people can spend too much time on computers without discussing the potential negative consequences weakens the overall argument. \n\nLANGUAGE IMPROVEMENTS:\nThe language used in the essay portrays a lack of care when proofreading for grammatical and spelling errors. Correct use of punctuation, accurate spelling, and the correct usage of ""their"", ""they\'re"", ""it\'s"" and ""its"" are vital improvements needed. Avoid using informal language in a persuasive essay; refer to real-life examples if needed in a more structured and formal tone.\n\nSTRUCTURE IMPROVEMENTS:\nThe essay lacks an evident structure. An introduction to establish the topic and the author\'s point of view, body paragraphs with separate points and supporting examples, and a conclusion to summarize the argument would be a more effective structure. The author\'s points and examples tend to merge into one another; separating them into distinct paragraphs would enhance readability. \n']"
47	1559	0.45	"['\nCONTENT IMPROVEMENTS:\n- The essay needs to clearly state the author\'s opinion on whether they believe computers have a positive or negative effect on people, as the prompt requests a persuasive stance.\n- Specific examples and elaborations on how computers can indeed teach hand-eye coordination, allow for learning about faraway places, or affect personal interactions negatively should be included to strengthen the argument.\n- The negatives mentioned (e.g., reports of suicide) require further explanation and direct linkage to computer usage to substantiate claims and not just assert them without evidence.\n\nLANGUAGE IMPROVEMENTS:\n- The essay needs significant grammatical corrections, especially with verb tenses, sentence structure, and punctuation.\n- Avoid casual language and abbreviations (like ""&"") that detract from the professionalism of the essay. Instead, use formal language appropriate for a newspaper publication.\n- The use of clear and sophisticated transitional language would help improve the flow between sections, for instance, transitioning smoothly from discussing benefits to addressing concerns about computer usage.\n\nSTRUCTURE IMPROVEMENTS:\n- Introduction should more clearly outline the points that will be discussed, including a thesis statement presenting the author’s main argument.\n- Separate paragraphs should be used for each major point (e.g., one paragraph for benefits, another for drawbacks), followed by a concluding paragraph that summarises the argument and reinforces the author’s stance.\n- The essay would benefit from subheadings or clearer demarcation between sections discussing positives and negatives to guide the reader through the argument more effectively.\n']"
48	1639	0.8	"['\nCONTENT IMPROVEMENTS:\nThe author should focus on expanding their arguments by bringing in more depth and research. For example, the argument about communicating over long distances could benefit from statistical evidence or studies showcasing how the use of computers has improved international communication. Also, the conclusion can be stronger by making a more persuasive call to action, to further engage readers to agree with the author\'s viewpoint.\n\nLANGUAGE IMPROVEMENTS:\nThe essay has a few instances of incorrect or missing punctuation, which interrupts the flow for readers. For example, ""If you\'re bored and can\'t play outside because the weather is bad or you broke your leg, you can play computer games, listen to music online, or write your own story on a word document."" needs a period at the end to mark the end of the sentence properly. The author should also replace casual terms like ""got"" with more formal language, and work on using more lively and persuasive vocabulary.\n\nSTRUCTURE IMPROVEMENTS:\nThe essay\'s structure is generally coherent and understandable, however, a more effective introduction and conclusion could strongly enhance the overall appeal of the essay. The introduction could use a more engaging hook and the conclusion would benefit from a solid summary of the points made, wrapped up with a compelling final thought.\n']"
49	1652	0.55	"[""\nCONTENT IMPROVEMENTS:\nThe author should focus on substantiating their arguments regarding how computers enhance learning, communication, and business operations. The effects of computers on learning could be improved with concrete examples of educational websites or online resources. In terms of communication, the writer could elaborate on how real-time interaction and worldwide connections are facilitated by technology. Lastly, the economic impact of computers should be supported with specific examples of startups or small businesses that profit from online visibility. \n\nLANGUAGE IMPROVEMENTS:\nImprovement in grammar, spelling, punctuation and vocabulary usage are required. For example, 'computors' should be corrected to 'computers', 'comunicataion' to 'communication' and 'fertileze' to 'fertilize'. Moreover, the writer should avoid using colloquial phrases like 'basicly meet enyone' and should instead write 'basically meet anyone'. The repeated usage of 'also' can be replaced with alternative transitional phrases.\n\nSTRUCTURE IMPROVEMENTS:\nThe essay seems to have an recognizable introduction, body, and conclusion, but the body paragraphs need better organization, with each point developed in its separate paragraph. Transition sentences could be used to link arguments and illustrate their correlation. The introduction could benefit from a stronger thesis statement. The conclusion could emphasise the importance of the different points made and demonstrate how they contribute to the overall argument.""]"
50	1667	0.35	"['\nCONTENT IMPROVEMENTS:\nThe author needs to dive deeper into each argument about the negative impact of computers. The claim about cheating needs evidence to be persuasive. Additionally, the argument about spending less time with friends and family due to computer use is not explorative nor persuasive enough. The third argument about not learning on the computer is optional, but if the author wants to include it, they should give concrete examples and data.\n   \nLANGUAGE IMPROVEMENTS:\nThere are a number of grammar errors and awkward phrasing that hinder understanding and detract from the effectiveness of the essay. Nouns and verbs often do not agree, and prepositions are misplaced. Proper use of punctuation is essential for clarity. For instance, ""I think it\'s pretty obvious that noone is going on computers to learn, otherwise they wouldn\'t have so many users on game websites."" should be ""I think it\'s pretty obvious that no one is using computers primarily to learn; otherwise, there wouldn\'t be so many users on gaming websites."" \n\nSTRUCTURE IMPROVEMENTS:\nThe essay lacks cohesion between sentences and paragraphs. Each paragraph needs a clear main idea or point it is trying to make. The transition between paragraphs and ideas must be smooth to ensure the flow of the essay. Finally, the conclusion could be stronger and better tie together the points made in the body of the essay. \n']"
